judge,system_a,system_b,contrast,metric,n_a,n_b,cves,diff,lo,hi,p_signflip,a,b
gemma_4_31b,DCv21b,DC,judge=gemma_4_31b,x,1815,1645,62,0.06784730421094054,0.03243890268785933,0.10251273006907599,0.0005999400059994001,0.6964187327823691,0.6285714285714286
granite_41_30b,DCv21b,DC,judge=granite_41_30b,x,1409,1294,59,-0.0006022226293106447,-0.03418612600097477,0.029917625994506116,0.9681031896810319,0.815471965933286,0.8160741885625966
nemotron_super_49b,DCv21b,DC,judge=nemotron_super_49b,x,1802,1629,64,0.02692833622555657,-0.013210983341518245,0.06312249315528569,0.15858414158584141,0.7175360710321864,0.6906077348066298
gemma_4_31b,DCv21b,DCv21,judge=gemma_4_31b,x,1815,1873,62,0.039718252269822396,0.01004920446394108,0.07110361125955482,0.009099090090990901,0.6964187327823691,0.6567004805125467
granite_41_30b,DCv21b,DCv21,judge=granite_41_30b,x,1409,1478,59,0.05092528122421969,0.017467491355996657,0.08448279842652358,0.005599440055994401,0.815471965933286,0.7645466847090663
nemotron_super_49b,DCv21b,DCv21,judge=nemotron_super_49b,x,1802,1842,64,0.0747564836271919,0.044314967964203214,0.10658831559657396,9.999000099990002e-05,0.7175360710321864,0.6427795874049945
gemma_4_31b,DCv21,DC,judge=gemma_4_31b,x,1873,1645,62,0.028129051941118144,-0.008632958999438634,0.06169385746727139,0.13608639136086392,0.6567004805125467,0.6285714285714286
granite_41_30b,DCv21,DC,judge=granite_41_30b,x,1478,1294,59,-0.05152750385353033,-0.09425987119694501,-0.01019004735412169,0.013898610138986101,0.7645466847090663,0.8160741885625966
nemotron_super_49b,DCv21,DC,judge=nemotron_super_49b,x,1842,1629,64,-0.047828147401635324,-0.08751115524827592,-0.011183474935210526,0.020397960203979604,0.6427795874049945,0.6906077348066298
