vs_outcome,n_episodes,n_cves,n_no_claim,n_claims,share_fallback,faithfulness,faithfulness_lo,faithfulness_hi,hallucination,hallucination_lo,hallucination_hi,contradicted,contradicted_lo,contradicted_hi,not_in_evidence,not_in_evidence_lo,not_in_evidence_hi,faithfulness_alt_state,faithfulness_alt_state_lo,faithfulness_alt_state_hi,consistency,consistency_lo,consistency_hi,consistency_coarse,asserted_none,share_claims_cited,n_cited_claims,cite_id_exist,citation_validity,citation_validity_lo,citation_validity_hi,citation_contradicted,claims_per_episode,chars_mean,words_mean,arm
fallback,29,24,0,77,1.0,0.8831168831168831,0.8015796703296704,0.9590274700930438,0.11688311688311688,0.040972529906956136,0.1984203296703296,0.05844155844155844,0.01639344262295082,0.10483870967741936,0.05844155844155844,0.0,0.12839472537053173,0.8571428571428571,0.78173049340218,0.9361260548523206,1.0,1.0,1.0,1.0,0.0,0.12987012987012986,10,1.0,0.4,0.2,0.5,0.0,2.6551724137931036,149.48275862068965,13.275862068965518,
first_pass,458,65,0,1968,0.0,0.7319613821138211,0.7007075019726179,0.7620594258238997,0.2680386178861789,0.23794057417610018,0.29929249802738217,0.15421747967479674,0.13238392821821343,0.17707582823515694,0.11382113821138211,0.09509894205243398,0.13289671872333159,0.7405149051490515,0.7094159088507567,0.7722082613996031,0.9752547307132459,0.954735380116959,0.990327380952381,0.9752547307132459,0.013828238719068412,0.35772357723577236,704,1.0,0.6877367424242424,0.6245270208469652,0.7546962087391773,0.02414772727272727,4.296943231441048,377.4475982532751,50.02401746724891,
repaired,17,13,0,67,0.0,0.7014925373134329,0.5755208333333334,0.8275862068965517,0.29850746268656714,0.1724137931034483,0.42447916666666663,0.18407960199004977,0.0575667118950701,0.3024731968810916,0.1144278606965174,0.019316770186335402,0.23729027563773325,0.7114427860696517,0.5745973522219411,0.8404814425770307,1.0,1.0,1.0,1.0,0.0,0.34328358208955223,23,1.0,0.6739130434782609,0.46153846153846156,0.9,0.0,3.9411764705882355,388.7647058823529,54.294117647058826,
fallback,3,3,0,11,1.0,0.8636363636363636,0.5,1.0,0.13636363636363635,0.0,0.5,0.13636363636363635,0.0,0.5,0.0,0.0,0.0,0.8636363636363636,0.75,0.9166666666666666,1.0,1.0,1.0,1.0,0.0,0.0,0,,,,,,3.6666666666666665,203.33333333333334,15.333333333333334,blind
first_pass,159,65,0,658,0.0,0.6623606889564336,0.6213488365477612,0.703388313801364,0.33763931104356637,0.29661168619863604,0.3786511634522387,0.1963019250253293,0.16527938250435273,0.2287554173295466,0.1413373860182371,0.11553688504866301,0.16936452446505337,0.6742654508611955,0.6328273589554078,0.7159500792321885,0.9675052410901467,0.937139673311185,0.9906832298136646,0.9675052410901468,0.014675052410901465,0.3434650455927052,226,1.0,0.6430678466076696,0.5641999854078505,0.7323958333333331,0.019174041297935103,4.138364779874214,377.2830188679245,49.132075471698116,blind
repaired,6,6,0,21,0.0,0.7142857142857143,0.5,0.9210526315789473,0.2857142857142857,0.07894736842105263,0.5,0.2857142857142857,0.07894736842105263,0.5,0.0,0.0,0.0,0.6666666666666666,0.41304347826086957,0.9,1.0,1.0,1.0,1.0,0.0,0.3333333333333333,7,1.0,0.7142857142857143,0.5,1.0,0.0,3.5,388.0,54.833333333333336,blind
fallback,23,21,0,52,1.0,0.9230769230769231,0.806399018232819,1.0,0.07692307692307693,0.0,0.19360098176718063,0.009615384615384616,0.0,0.03334459459459453,0.0673076923076923,0.0,0.18479267310789044,0.8942307692307693,0.7727146464646465,0.9762009189640768,1.0,1.0,1.0,1.0,0.0,0.19230769230769232,10,1.0,0.4,0.2,0.5,0.0,2.260869565217391,138.7826086956522,12.73913043478261,tracker
first_pass,139,65,0,650,0.0,0.8887179487179488,0.86004246841923,0.9178459071316214,0.11128205128205128,0.08215409286837859,0.13995753158076993,0.06076923076923077,0.044511617874261486,0.07641102286611974,0.05051282051282051,0.03273165498065764,0.06905660161260764,0.8761538461538462,0.8493410709734537,0.9038109222406486,0.9844124700239807,0.9689050580431177,0.9975313180827886,0.9844124700239809,0.009592326139088728,0.3984615384615385,259,1.0,0.7535392535392537,0.6928995789588801,0.809227456940223,0.03153153153153153,4.676258992805756,369.1654676258993,50.776978417266186,tracker
repaired,6,6,0,24,0.0,0.75,0.5833333333333333,0.9393939393939394,0.25,0.0606060606060606,0.41666666666666663,0.013888888888888888,0.0,0.043478260869565216,0.23611111111111108,0.05797101449275362,0.4022988505747126,0.8194444444444445,0.6896360153256705,0.9565217391304348,1.0,1.0,1.0,1.0,0.0,0.375,9,1.0,0.8888888888888888,0.625,1.0,0.0,4.0,380.5,52.5,tracker
fallback,3,3,0,14,1.0,0.75,0.6666666666666666,0.8333333333333334,0.25,0.16666666666666666,0.3333333333333333,0.17857142857142858,0.125,0.3333333333333333,0.07142857142857142,0.0,0.125,0.7142857142857143,0.6666666666666666,0.8333333333333334,1.0,1.0,1.0,1.0,0.0,0.0,0,,,,,,4.666666666666667,177.66666666666666,15.333333333333334,withheld
first_pass,160,65,0,660,0.0,0.646969696969697,0.6055167546241739,0.6871084252617197,0.353030303030303,0.3128915747382804,0.39448324537582613,0.20429292929292928,0.17062700275728446,0.23872405893951687,0.14873737373737372,0.12525077160493828,0.1743567448781838,0.6729797979797979,0.6297518942079997,0.7165073529411764,0.975,0.9462341004458432,0.9946236559139784,0.975,0.016666666666666666,0.33181818181818185,219,1.0,0.6560121765601219,0.5761189971175287,0.744725011956002,0.02054794520547945,4.125,384.80625,50.25625,withheld
repaired,5,5,0,22,0.0,0.6363636363636364,0.4583333333333333,0.868421052631579,0.36363636363636365,0.13157894736842105,0.5416666666666666,0.2727272727272727,0.02631578947368421,0.48214285714285715,0.09090909090909091,0.0,0.3,0.6363636363636364,0.4523809523809524,0.8529411764705882,1.0,1.0,1.0,1.0,0.0,0.3181818181818182,7,1.0,0.35714285714285715,0.25,1.0,0.0,4.4,399.6,55.8,withheld
