system,model,arm,n,missing,first_pass,repaired,fallback,attempt1_fail,repair_success_given_fail
DCv21,gemma4_31b,blind,24,0.0,0.25,0.6666666666666666,0.08333333333333333,0.75,0.8888888888888888
DCv21,gemma4_31b,tracker,24,0.0,0.7083333333333334,0.2916666666666667,0.0,0.2916666666666667,1.0
DCv21,gemma4_31b,withheld,24,0.0,0.25,0.6666666666666666,0.08333333333333333,0.75,0.8888888888888888
DCv21,granite41_30b,blind,24,0.0,0.6666666666666666,0.3333333333333333,0.0,0.3333333333333333,1.0
DCv21,granite41_30b,tracker,24,0.0,0.8333333333333334,0.16666666666666666,0.0,0.16666666666666666,1.0
DCv21,granite41_30b,withheld,24,0.0,0.5833333333333334,0.4166666666666667,0.0,0.4166666666666667,1.0
DCv21,granite41_8b,blind,24,0.0,0.625,0.375,0.0,0.375,1.0
DCv21,granite41_8b,tracker,24,0.0,0.5416666666666666,0.20833333333333334,0.25,0.4583333333333333,0.45454545454545453
DCv21,granite41_8b,withheld,24,0.0,0.5416666666666666,0.4583333333333333,0.0,0.4583333333333333,1.0
DCv21,llama31_8b,blind,24,0.0,0.7083333333333334,0.25,0.041666666666666664,0.2916666666666667,0.8571428571428571
DCv21,llama31_8b,tracker,24,0.0,0.7916666666666666,0.16666666666666666,0.041666666666666664,0.20833333333333334,0.8
DCv21,llama31_8b,withheld,24,0.0,0.6666666666666666,0.2916666666666667,0.041666666666666664,0.3333333333333333,0.875
DCv21,mistral_small_24b,blind,24,0.0,0.6666666666666666,0.2916666666666667,0.041666666666666664,0.3333333333333333,0.875
DCv21,mistral_small_24b,tracker,24,0.0,0.6666666666666666,0.16666666666666666,0.16666666666666666,0.3333333333333333,0.5
DCv21,mistral_small_24b,withheld,24,0.0,0.6666666666666666,0.2916666666666667,0.041666666666666664,0.3333333333333333,0.875
DCv21,qwen3_14b,blind,24,0.0,0.5,0.4583333333333333,0.041666666666666664,0.5,0.9166666666666666
DCv21,qwen3_14b,tracker,24,0.0,0.75,0.0,0.25,0.25,0.0
DCv21,qwen3_14b,withheld,24,0.0,0.4166666666666667,0.5416666666666666,0.041666666666666664,0.5833333333333334,0.9285714285714286
DCv21,qwen3_4b,blind,24,0.0,0.5416666666666666,0.4166666666666667,0.041666666666666664,0.4583333333333333,0.9090909090909091
DCv21,qwen3_4b,tracker,24,0.0,0.75,0.125,0.125,0.25,0.5
DCv21,qwen3_4b,withheld,24,0.0,0.4166666666666667,0.5833333333333334,0.0,0.5833333333333334,1.0
DCv21,gemma4_31b,ALL,72,0.0,0.4027777777777778,0.5416666666666666,0.05555555555555555,0.5972222222222222,0.9069767441860465
DCv21,granite41_30b,ALL,72,0.0,0.6944444444444444,0.3055555555555556,0.0,0.3055555555555556,1.0
DCv21,granite41_8b,ALL,72,0.0,0.5694444444444444,0.3472222222222222,0.08333333333333333,0.4305555555555556,0.8064516129032258
DCv21,llama31_8b,ALL,72,0.0,0.7222222222222222,0.2361111111111111,0.041666666666666664,0.2777777777777778,0.85
DCv21,mistral_small_24b,ALL,72,0.0,0.6666666666666666,0.25,0.08333333333333333,0.3333333333333333,0.75
DCv21,qwen3_14b,ALL,72,0.0,0.5555555555555556,0.3333333333333333,0.1111111111111111,0.4444444444444444,0.75
DCv21,qwen3_4b,ALL,72,0.0,0.5694444444444444,0.375,0.05555555555555555,0.4305555555555556,0.8709677419354839
DCv21,ALL,blind,168,0.0,0.5654761904761905,0.39880952380952384,0.03571428571428571,0.43452380952380953,0.9178082191780822
DCv21,ALL,tracker,168,0.0,0.7202380952380952,0.16071428571428573,0.11904761904761904,0.27976190476190477,0.574468085106383
DCv21,ALL,withheld,168,0.0,0.5059523809523809,0.4642857142857143,0.02976190476190476,0.49404761904761907,0.9397590361445783
DCv21,ALL,ALL,504,0.0,0.5972222222222222,0.3412698412698413,0.061507936507936505,0.4027777777777778,0.8472906403940886
DCv21b,gemma4_31b,blind,24,0.0,0.9583333333333334,0.0,0.041666666666666664,0.041666666666666664,0.0
DCv21b,gemma4_31b,tracker,24,0.0,1.0,0.0,0.0,0.0,0.0
DCv21b,gemma4_31b,withheld,24,0.0,0.9583333333333334,0.0,0.041666666666666664,0.041666666666666664,0.0
DCv21b,granite41_30b,blind,24,0.0,1.0,0.0,0.0,0.0,0.0
DCv21b,granite41_30b,tracker,24,0.0,1.0,0.0,0.0,0.0,0.0
DCv21b,granite41_30b,withheld,24,0.0,1.0,0.0,0.0,0.0,0.0
DCv21b,granite41_8b,blind,24,0.0,1.0,0.0,0.0,0.0,0.0
DCv21b,granite41_8b,tracker,24,0.0,0.8333333333333334,0.041666666666666664,0.125,0.16666666666666666,0.25
DCv21b,granite41_8b,withheld,24,0.0,1.0,0.0,0.0,0.0,0.0
DCv21b,llama31_8b,blind,24,0.0,0.6666666666666666,0.25,0.08333333333333333,0.3333333333333333,0.75
DCv21b,llama31_8b,tracker,24,0.0,0.9166666666666666,0.041666666666666664,0.041666666666666664,0.08333333333333333,0.5
DCv21b,llama31_8b,withheld,24,0.0,0.7083333333333334,0.20833333333333334,0.08333333333333333,0.2916666666666667,0.7142857142857143
DCv21b,mistral_small_24b,blind,24,0.0,1.0,0.0,0.0,0.0,0.0
DCv21b,mistral_small_24b,tracker,24,0.0,0.8333333333333334,0.125,0.041666666666666664,0.16666666666666666,0.75
DCv21b,mistral_small_24b,withheld,24,0.0,1.0,0.0,0.0,0.0,0.0
DCv21b,qwen3_14b,blind,24,0.0,1.0,0.0,0.0,0.0,0.0
DCv21b,qwen3_14b,tracker,24,0.0,0.5416666666666666,0.0,0.4583333333333333,0.4583333333333333,0.0
DCv21b,qwen3_14b,withheld,24,0.0,1.0,0.0,0.0,0.0,0.0
DCv21b,qwen3_4b,blind,24,0.0,1.0,0.0,0.0,0.0,0.0
DCv21b,qwen3_4b,tracker,24,0.0,0.6666666666666666,0.041666666666666664,0.2916666666666667,0.3333333333333333,0.125
DCv21b,qwen3_4b,withheld,24,0.0,1.0,0.0,0.0,0.0,0.0
DCv21b,gemma4_31b,ALL,72,0.0,0.9722222222222222,0.0,0.027777777777777776,0.027777777777777776,0.0
DCv21b,granite41_30b,ALL,72,0.0,1.0,0.0,0.0,0.0,0.0
DCv21b,granite41_8b,ALL,72,0.0,0.9444444444444444,0.013888888888888888,0.041666666666666664,0.05555555555555555,0.25
DCv21b,llama31_8b,ALL,72,0.0,0.7638888888888888,0.16666666666666666,0.06944444444444445,0.2361111111111111,0.7058823529411765
DCv21b,mistral_small_24b,ALL,72,0.0,0.9444444444444444,0.041666666666666664,0.013888888888888888,0.05555555555555555,0.75
DCv21b,qwen3_14b,ALL,72,0.0,0.8472222222222222,0.0,0.1527777777777778,0.1527777777777778,0.0
DCv21b,qwen3_4b,ALL,72,0.0,0.8888888888888888,0.013888888888888888,0.09722222222222222,0.1111111111111111,0.125
DCv21b,ALL,blind,168,0.0,0.9464285714285714,0.03571428571428571,0.017857142857142856,0.05357142857142857,0.6666666666666666
DCv21b,ALL,tracker,168,0.0,0.8273809523809523,0.03571428571428571,0.13690476190476192,0.17261904761904762,0.20689655172413793
DCv21b,ALL,withheld,168,0.0,0.9523809523809523,0.02976190476190476,0.017857142857142856,0.047619047619047616,0.625
DCv21b,ALL,ALL,504,0.0,0.9087301587301587,0.03373015873015873,0.057539682539682536,0.09126984126984126,0.3695652173913043
