model,system,cases,pass_k,seeds
gemma4_31b,DC,150,1.0,5
gemma4_31b,S3,150,0.98,5
granite41_30b,DC,150,1.0,5
granite41_30b,S3,150,0.8867,5
granite41_8b,DC,150,1.0,5
granite41_8b,S3,150,0.6,5
llama31_8b,DC,150,1.0,5
llama31_8b,S3,150,0.08,5
mistral_medium_128b,DC,150,1.0,5
mistral_medium_128b,S3,150,0.7933,5
mistral_small_24b,DC,150,1.0,5
mistral_small_24b,S3,150,0.58,5
nemotron_super_49b,DC,150,1.0,5
nemotron_super_49b,S3,150,0.0,5
qwen3_14b,DC,150,1.0,5
qwen3_14b,S3,150,0.88,5
qwen3_4b,DC,150,1.0,5
qwen3_4b,S3,150,0.7133,5
