arm,system,model,n,loss,acc,DER
tracker,DC,gemma4_31b,453,0.0,1.0,0.0
tracker,DC,glm45_air,453,0.0,1.0,0.0
tracker,DC,granite41_30b,453,0.0,1.0,0.0
tracker,DC,granite41_8b,453,0.0,1.0,0.0
tracker,DC,llama31_8b,453,0.0,1.0,0.0
tracker,DC,mistral_medium_128b,453,0.0,1.0,0.0
tracker,DC,mistral_small_24b,453,0.0,1.0,0.0
tracker,DC,nemotron_super_49b,453,0.0,1.0,0.0
tracker,DC,qwen3_14b,453,0.0,1.0,0.0
tracker,DC,qwen3_4b,453,0.0,1.0,0.0
tracker,S2,gemma4_31b,453,0.0525,0.9625,0.0143
tracker,S2,glm45_air,453,2.0651,0.7196,0.6571
tracker,S2,granite41_30b,453,0.6031,0.8587,0.1857
tracker,S2,granite41_8b,453,2.3989,0.6998,0.7714
tracker,S2,llama31_8b,453,2.7581,0.4062,0.8714
tracker,S2,mistral_medium_128b,453,0.1764,0.8874,0.0429
tracker,S2,mistral_small_24b,453,2.3876,0.6865,0.7571
tracker,S2,nemotron_super_49b,453,1.6146,0.7395,0.5143
tracker,S2,qwen3_14b,453,1.2113,0.8322,0.3857
tracker,S2,qwen3_4b,453,2.4,0.6799,0.7643
tracker,S3,gemma4_31b,453,0.177,0.9801,0.0571
tracker,S3,glm45_air,453,0.9662,0.8124,0.3
tracker,S3,granite41_30b,453,0.4397,0.8918,0.1286
tracker,S3,granite41_8b,453,0.9563,0.8322,0.3
tracker,S3,llama31_8b,453,1.7711,0.4702,0.5214
tracker,S3,mistral_medium_128b,453,0.4093,0.9227,0.1286
tracker,S3,mistral_small_24b,453,0.6393,0.8675,0.2
tracker,S3,nemotron_super_49b,453,1.7139,0.2406,0.4286
tracker,S3,qwen3_14b,453,0.3464,0.9272,0.1
tracker,S3,qwen3_4b,453,2.6364,0.6733,0.8429
withheld,DC,gemma4_31b,453,0.0671,0.6733,0.0
withheld,DC,glm45_air,453,0.0671,0.6733,0.0
withheld,DC,granite41_30b,453,0.0671,0.6733,0.0
withheld,DC,granite41_8b,453,0.0671,0.6733,0.0
withheld,DC,llama31_8b,453,0.0671,0.6733,0.0
withheld,DC,mistral_medium_128b,453,0.0671,0.6733,0.0
withheld,DC,mistral_small_24b,453,0.0671,0.6733,0.0
withheld,DC,nemotron_super_49b,453,0.0671,0.6733,0.0
withheld,DC,qwen3_14b,453,0.0671,0.6733,0.0
withheld,DC,qwen3_4b,453,0.0671,0.6733,0.0
withheld,S2,gemma4_31b,453,0.2711,0.8344,0.0571
withheld,S2,glm45_air,453,2.4139,0.4128,0.7143
withheld,S2,granite41_30b,453,2.2731,0.6291,0.7214
withheld,S2,granite41_8b,453,2.5673,0.6026,0.8214
withheld,S2,llama31_8b,453,2.7214,0.4084,0.8571
withheld,S2,mistral_medium_128b,453,1.8208,0.5872,0.5571
withheld,S2,mistral_small_24b,453,2.4903,0.5254,0.7714
withheld,S2,nemotron_super_49b,453,2.3623,0.4194,0.7357
withheld,S2,qwen3_14b,453,2.4106,0.4525,0.7571
withheld,S2,qwen3_4b,453,2.4786,0.5519,0.7643
withheld,S3,gemma4_31b,453,0.7088,0.7241,0.1929
withheld,S3,glm45_air,453,1.4806,0.5408,0.4286
withheld,S3,granite41_30b,453,0.645,0.4283,0.1214
withheld,S3,granite41_8b,453,1.5993,0.6049,0.4714
withheld,S3,llama31_8b,453,2.4424,0.3753,0.7286
withheld,S3,mistral_medium_128b,453,0.8552,0.6998,0.25
withheld,S3,mistral_small_24b,453,1.0971,0.6004,0.3071
withheld,S3,nemotron_super_49b,453,1.6974,0.234,0.4214
withheld,S3,qwen3_14b,453,2.5124,0.426,0.7857
withheld,S3,qwen3_4b,453,1.5523,0.5453,0.4214
