system,model,arm,n_episodes,n_cves,n_no_claim,n_claims,share_fallback,faithfulness,faithfulness_lo,faithfulness_hi,hallucination,hallucination_lo,hallucination_hi,contradicted,contradicted_lo,contradicted_hi,not_in_evidence,not_in_evidence_lo,not_in_evidence_hi,faithfulness_alt_state,faithfulness_alt_state_lo,faithfulness_alt_state_hi,consistency,consistency_lo,consistency_hi,consistency_coarse,asserted_none,share_claims_cited,n_cited_claims,cite_id_exist,citation_validity,citation_validity_lo,citation_validity_hi,citation_contradicted,claims_per_episode,chars_mean,words_mean
DC,gemma4_31b,blind,21,17,0,69,0.0,0.6884057971014492,0.570419784330986,0.7887406470070422,0.3115942028985507,0.21125935299295776,0.42958021566901405,0.17391304347826086,0.09014864203572302,0.2565789473684211,0.13768115942028986,0.0687435787671233,0.21742527173913023,0.5507246376811594,0.427536231884058,0.6833333333333333,0.9523809523809523,0.8421052631578947,1.0,0.9523809523809523,0.0,0.014492753623188406,1,1.0,0.0,,,0.0,3.2857142857142856,245.85714285714286,35.19047619047619
DC,gemma4_31b,tracker,21,17,0,73,0.0,0.9041095890410958,0.8235294117647058,0.9657573163138231,0.0958904109589041,0.034242683686176834,0.17647058823529413,0.06164383561643835,0.029069767441860465,0.10144927536231885,0.03424657534246575,0.0,0.08333333333333333,0.8561643835616438,0.75,0.9365079365079365,1.0,1.0,1.0,1.0,0.0,0.0136986301369863,1,1.0,0.0,,,0.0,3.4761904761904763,221.42857142857142,32.38095238095238
DC,gemma4_31b,withheld,21,17,0,69,0.0,0.6956521739130435,0.594821761416589,0.7866721311475409,0.30434782608695654,0.21332786885245902,0.40517823858341095,0.17391304347826086,0.09721703980099503,0.25397150663544105,0.13043478260869565,0.06556486101211689,0.2067083333333331,0.5869565217391305,0.4437477992957746,0.7246376811594203,0.9761904761904762,0.9210526315789473,1.0,0.9761904761904762,0.0,0.014492753623188406,1,1.0,0.0,,,0.0,3.2857142857142856,245.61904761904762,35.23809523809524
DC,granite41_30b,blind,21,19,0,81,0.0,0.3765432098765432,0.24647632169830577,0.5051033557752997,0.6234567901234568,0.4948966442247002,0.7535236783016942,0.3950617283950617,0.290099286033021,0.5133472222222221,0.22839506172839505,0.1357142857142857,0.3313253012048193,0.35802469135802467,0.2461046511627907,0.4712684729064039,0.9523809523809523,0.8421052631578947,1.0,0.9523809523809523,0.047619047619047616,0.5308641975308642,43,1.0,0.3488372093023256,0.20238095238095238,0.49038461538461536,0.03488372093023256,3.857142857142857,343.23809523809524,50.04761904761905
DC,granite41_30b,tracker,21,19,0,83,0.0,0.963855421686747,0.9199779411764706,0.9942528735632183,0.03614457831325301,0.005747126436781609,0.0800220588235293,0.03614457831325301,0.005747126436781609,0.0800220588235293,0.0,0.0,0.0,0.8855421686746988,0.8227744003997336,0.9383561643835616,1.0,1.0,1.0,1.0,0.0,0.6867469879518072,57,1.0,0.19298245614035087,0.08620689655172414,0.3173115079365079,0.008771929824561403,3.9523809523809526,296.57142857142856,44.23809523809524
DC,granite41_30b,withheld,21,19,0,82,0.0,0.4695121951219512,0.34413403760418687,0.5862256371814092,0.5304878048780488,0.4137743628185907,0.6558659623958131,0.3780487804878049,0.2828811919504644,0.48572420634920627,0.1524390243902439,0.0783132530120482,0.25,0.45121951219512196,0.34753861788617885,0.5543610816542948,0.9523809523809523,0.8421052631578947,1.0,0.9523809523809523,0.047619047619047616,0.5,41,1.0,0.4634146341463415,0.2894243421052632,0.625,0.024390243902439025,3.9047619047619047,341.85714285714283,49.904761904761905
DC,granite41_8b,blind,21,18,0,92,0.0,0.45108695652173914,0.33887254901960784,0.5815425191815856,0.5489130434782609,0.41845748081841433,0.661127450980392,0.3641304347826087,0.25,0.48781213704994186,0.18478260869565216,0.08887254901960785,0.2737018613607188,0.3423913043478261,0.2272610121836926,0.49418771718791765,1.0,1.0,1.0,1.0,0.0,0.33695652173913043,31,1.0,0.1935483870967742,0.041666666666666664,0.382377450980392,0.0,4.380952380952381,456.4761904761905,62.23809523809524
DC,granite41_8b,tracker,21,18,0,101,0.0,0.7871287128712872,0.6173469387755102,0.9400215053763439,0.21287128712871287,0.05997849462365591,0.3826530612244898,0.11386138613861387,0.009510939510939512,0.23233198319831977,0.09900990099009901,0.04347303511705686,0.15883021390374327,0.594059405940594,0.44,0.7500606796116501,1.0,1.0,1.0,1.0,0.0,0.6633663366336634,67,1.0,0.13432835820895522,0.0520799512987013,0.26789148351648334,0.0,4.809523809523809,448.9047619047619,66.14285714285714
DC,granite41_8b,withheld,21,18,0,94,0.0,0.4787234042553192,0.34441767068273094,0.6123630617977528,0.5212765957446809,0.3876369382022472,0.6555823293172689,0.35106382978723405,0.23807720057720055,0.4722298534798534,0.1702127659574468,0.07140916149068323,0.2866015827711467,0.3404255319148936,0.2142656500802568,0.4793867031348622,1.0,1.0,1.0,1.0,0.0,0.3617021276595745,34,1.0,0.22058823529411764,0.09375,0.3500337837837836,0.014705882352941176,4.476190476190476,461.3333333333333,62.857142857142854
DC,llama31_8b,blind,21,19,0,71,0.0,0.6267605633802817,0.5241839477726574,0.72,0.3732394366197183,0.28,0.4758160522273425,0.2605633802816901,0.16666666666666666,0.37504528985507224,0.11267605633802817,0.03968253968253968,0.19286904761904755,0.5211267605633803,0.4189189189189189,0.6343431651267472,0.8809523809523809,0.7619047619047619,0.9761904761904762,0.8809523809523809,0.11904761904761904,0.28169014084507044,20,1.0,0.475,0.2727272727272727,0.6944444444444444,0.05,3.380952380952381,404.0952380952381,59.666666666666664
DC,llama31_8b,tracker,21,19,0,73,0.0,0.7808219178082192,0.6773956356736243,0.8795237913680036,0.2191780821917808,0.12047620863199635,0.32260436432637557,0.19863013698630136,0.10443920105355575,0.2937780448717947,0.02054794520547945,0.0,0.053867187499999886,0.684931506849315,0.56817218798151,0.787690990516333,0.6904761904761905,0.47619047619047616,0.875,0.7142857142857143,0.09523809523809523,0.1780821917808219,13,1.0,0.34615384615384615,0.18181818181818182,0.5454545454545454,0.11538461538461539,3.4761904761904763,391.23809523809524,58.57142857142857
DC,llama31_8b,withheld,21,19,0,67,0.0,0.6492537313432836,0.576373106060606,0.7295244600572469,0.35074626865671643,0.2704755399427531,0.42362689393939384,0.23880597014925373,0.15254237288135594,0.325,0.11194029850746269,0.045454545454545456,0.19117647058823528,0.5522388059701493,0.4444444444444444,0.6571526418786692,0.9523809523809523,0.8863636363636364,1.0,0.9523809523809523,0.047619047619047616,0.2537313432835821,17,1.0,0.4117647058823529,0.1875,0.6666666666666666,0.058823529411764705,3.1904761904761907,397.9047619047619,59.095238095238095
DC,mistral_medium_128b,blind,21,20,0,78,0.0,0.7564102564102563,0.688582433648223,0.8181914077483698,0.24358974358974358,0.18180859225163024,0.31141756635177675,0.16239316239316237,0.09908641035401598,0.2368469785575048,0.0811965811965812,0.044444444444444446,0.12381257631257629,0.6410256410256411,0.5527398401065956,0.7255036261079775,1.0,1.0,1.0,1.0,0.0,0.24358974358974358,19,1.0,0.7017543859649122,0.5277412280701754,0.8823529411764706,0.05263157894736842,3.7142857142857144,301.85714285714283,40.285714285714285
DC,mistral_medium_128b,tracker,21,20,0,82,0.0,0.8902439024390244,0.8290598290598289,0.9429851305091999,0.10975609756097561,0.05701486949080017,0.17094017094017092,0.1056910569105691,0.05242881638915211,0.16666666666666666,0.004065040650406504,0.0,0.012195121951219513,0.8861788617886178,0.8311187770562771,0.9372549019607842,1.0,1.0,1.0,1.0,0.0,0.573170731707317,47,1.0,0.36879432624113473,0.21085915847820608,0.5629629629629629,0.0,3.9047619047619047,257.0952380952381,36.095238095238095
DC,mistral_medium_128b,withheld,21,20,0,77,0.0,0.7705627705627704,0.6981981981981983,0.8378378378378378,0.2294372294372294,0.16216216216216217,0.3018018018018018,0.1645021645021645,0.10221568627450979,0.23611111111111105,0.06493506493506493,0.0365296803652968,0.09403153153153146,0.6406926406926405,0.5394672342621258,0.7333544303797468,1.0,1.0,1.0,1.0,0.0,0.24675324675324675,19,1.0,0.5614035087719298,0.35294117647058826,0.7592592592592592,0.05263157894736842,3.6666666666666665,301.85714285714283,40.285714285714285
DC,mistral_small_24b,blind,21,18,0,71,0.0,0.6713615023474178,0.5853150406504065,0.7688275434243177,0.32863849765258213,0.23117245657568236,0.4146849593495932,0.244131455399061,0.16277794777641777,0.3333333333333333,0.08450704225352111,0.032861925652274304,0.138220517036631,0.568075117370892,0.4517543859649123,0.690487012987013,0.8571428571428571,0.7017105263157895,0.9824780701754385,0.8571428571428571,0.11111111111111109,0.5633802816901409,40,1.0,0.7333333333333333,0.6349206349206349,0.8376126126126124,0.0,3.380952380952381,383.5238095238095,55.476190476190474
DC,mistral_small_24b,tracker,21,18,0,87,0.0,0.950191570881226,0.9158567879441666,0.9831276371308018,0.04980842911877394,0.016872362869198312,0.08414321205583342,0.019157088122605363,0.003875968992248062,0.03922735760971049,0.03065134099616858,0.008658008658008658,0.052083333333333336,0.946360153256705,0.9042145593869733,0.9796868950832365,0.9523809523809523,0.8636363636363636,1.0,0.9523809523809523,0.047619047619047616,0.7931034482758621,69,1.0,0.2898550724637681,0.1766873047746542,0.4154166666666665,0.014492753623188406,4.142857142857143,345.8095238095238,49.333333333333336
DC,mistral_small_24b,withheld,21,18,0,66,0.0,0.6919191919191918,0.5952289377289377,0.7874396135265701,0.308080808080808,0.21256038647342995,0.40477106227106224,0.24242424242424243,0.16089655172413792,0.3385480703551912,0.06565656565656565,0.026881720430107524,0.10952380952380951,0.5707070707070706,0.45281080382527783,0.6839399744572157,0.8888888888888887,0.7618386243386243,1.0,0.8888888888888887,0.09523809523809523,0.5909090909090909,39,1.0,0.717948717948718,0.6,0.8288346038346038,0.0,3.142857142857143,393.3809523809524,56.42857142857143
DC,qwen3_14b,blind,21,20,0,79,0.0,0.7046413502109703,0.6341377533493645,0.7853962818003914,0.2953586497890295,0.2146037181996086,0.3658622466506355,0.16455696202531644,0.0995654842669768,0.2249021084337349,0.1308016877637131,0.06808867071840423,0.20720995385629531,0.5991561181434598,0.4865874495184839,0.7148607588247727,1.0,1.0,1.0,1.0,0.0,0.5189873417721519,41,1.0,0.5121951219512196,0.37837837837837834,0.6439393939393939,0.03252032520325203,3.761904761904762,356.95238095238096,53.714285714285715
DC,qwen3_14b,tracker,21,20,0,85,0.0,0.8745098039215685,0.7991255144032922,0.9363295880149812,0.1254901960784314,0.06367041198501873,0.20087448559670773,0.047058823529411764,0.022988505747126433,0.07265981735159811,0.0784313725490196,0.019157088122605363,0.15708812260536398,0.7058823529411765,0.5646980837789661,0.8202247191011236,1.0,1.0,1.0,1.0,0.0,0.6588235294117647,56,1.0,0.21428571428571427,0.12437600134918626,0.3269230769230769,0.02976190476190476,4.0476190476190474,352.8095238095238,52.714285714285715
DC,qwen3_14b,withheld,21,20,0,74,0.0,0.6936936936936937,0.6056338028169013,0.7778153153153151,0.30630630630630634,0.22218468468468466,0.39436619718309857,0.15765765765765766,0.10445576173188112,0.2051369863013698,0.14864864864864863,0.07456140350877193,0.24019607843137253,0.6216216216216216,0.5220796228391827,0.714975845410628,1.0,1.0,1.0,1.0,0.0,0.5405405405405406,40,1.0,0.5750000000000001,0.39781313571636157,0.7092525195968643,0.025,3.5238095238095237,358.0952380952381,53.476190476190474
DC,qwen3_4b,blind,21,19,0,91,0.0,0.586080586080586,0.46313197767145137,0.7228289473684208,0.4139194139194139,0.277171052631579,0.5368680223285484,0.27472527472527475,0.17333333333333334,0.3928627583108714,0.13919413919413917,0.05128205128205127,0.22773145735626185,0.46153846153846156,0.37164750957854403,0.5627959489070599,1.0,1.0,1.0,1.0,0.0,0.2087912087912088,19,1.0,0.3157894736842105,0.125,0.6153846153846154,0.03508771929824561,4.333333333333333,304.0952380952381,45.42857142857143
DC,qwen3_4b,tracker,21,19,0,77,0.0,0.8225108225108225,0.6973584529505581,0.915663804643863,0.17748917748917747,0.08433619535613719,0.3026415470494417,0.08658008658008658,0.04565691158156912,0.13616528229204278,0.0909090909090909,0.022214912280701753,0.18905472636815918,0.6796536796536796,0.5761223344556679,0.7631578947368421,1.0,1.0,1.0,1.0,0.0,0.35064935064935066,27,1.0,0.2345679012345679,0.1,0.43861642743221674,0.012345679012345678,3.6666666666666665,278.9047619047619,42.904761904761905
DC,qwen3_4b,withheld,21,19,0,92,0.0,0.5851449275362319,0.46383060435191203,0.6969743163340725,0.414855072463768,0.3030256836659275,0.5361693956480879,0.2699275362318841,0.17891812865497075,0.3690508192524321,0.14492753623188404,0.06665016501650164,0.2333333333333333,0.45289855072463775,0.3491883116883116,0.5610773220179159,1.0,1.0,1.0,1.0,0.0,0.20652173913043478,19,1.0,0.3508771929824561,0.14035087719298245,0.5714947089947086,0.05263157894736842,4.380952380952381,307.76190476190476,45.76190476190476
DCv21,gemma4_31b,blind,21,17,0,75,0.0,0.68,0.5512784090909091,0.8175829238329237,0.32,0.18241707616707617,0.4487215909090909,0.24666666666666667,0.12698412698412698,0.36987569761542355,0.07333333333333333,0.014079616588419407,0.14883928571428556,0.68,0.5576867816091954,0.8169014084507042,1.0,1.0,1.0,1.0,0.0,0.0,0,,,,,,3.5714285714285716,257.7142857142857,31.952380952380953
DCv21,gemma4_31b,tracker,21,17,0,76,0.0,0.868421052631579,0.7976110038610039,0.9318251964085297,0.13157894736842105,0.06817480359147025,0.2023889961389961,0.07894736842105263,0.0384493670886076,0.12195476460578557,0.05263157894736842,0.02054794520547945,0.09230769230769231,0.8881578947368421,0.8420969353764157,0.9318251964085297,1.0,1.0,1.0,1.0,0.0,0.0,0,,,,,,3.619047619047619,231.9047619047619,30.476190476190474
DCv21,gemma4_31b,withheld,21,17,0,72,0.0,0.6388888888888888,0.5277682648401827,0.756954656862745,0.3611111111111111,0.2430453431372549,0.4722317351598173,0.2777777777777778,0.17159181769722814,0.3873283450704225,0.08333333333333333,0.02666666666666667,0.15671641791044777,0.7152777777777778,0.5903246318607764,0.8409181096681096,1.0,1.0,1.0,1.0,0.0,0.0,0,,,,,,3.4285714285714284,259.3333333333333,32.285714285714285
DCv21,granite41_30b,blind,21,19,0,87,0.0,0.6206896551724138,0.4941860465116279,0.743421052631579,0.3793103448275862,0.2565789473684211,0.5058139534883721,0.20114942528735633,0.1125,0.30115745949594946,0.1781609195402299,0.11109496124031007,0.2741984657749803,0.6149425287356322,0.5185185185185185,0.7102347488038276,0.9761904761904762,0.9210526315789473,1.0,0.9761904761904762,0.023809523809523808,0.2988505747126437,26,1.0,0.7307692307692307,0.5833333333333334,0.8519841269841263,0.0,4.142857142857143,354.5238095238095,44.61904761904762
DCv21,granite41_30b,tracker,21,19,0,98,0.0,0.9183673469387755,0.8707865168539326,0.9567307692307693,0.08163265306122448,0.04326923076923077,0.12921348314606743,0.05612244897959184,0.020161290322580645,0.10243091932949176,0.025510204081632654,0.0,0.056818181818181816,0.9081632653061225,0.8482957659632776,0.9561446090955543,1.0,1.0,1.0,1.0,0.0,0.4897959183673469,48,1.0,0.78125,0.6363636363636364,0.9122861842105262,0.0,4.666666666666667,385.42857142857144,53.714285714285715
DCv21,granite41_30b,withheld,21,19,0,84,0.0,0.6011904761904762,0.4941122668579627,0.7025316455696202,0.39880952380952384,0.2974683544303797,0.5058877331420373,0.20833333333333334,0.12763709919089,0.30133928571428537,0.19047619047619047,0.1351275432736107,0.26060417382342815,0.625,0.524984756097561,0.7202428955453148,0.9761904761904762,0.9210526315789473,1.0,0.9761904761904762,0.023809523809523808,0.32142857142857145,27,1.0,0.6851851851851852,0.5294117647058824,0.7917025862068964,0.018518518518518517,4.0,361.2857142857143,45.61904761904762
DCv21,granite41_8b,blind,21,18,0,103,0.0,0.5728155339805825,0.44154889228418637,0.679613546723301,0.42718446601941745,0.32038645327669907,0.5584511077158135,0.25728155339805825,0.1590855989804588,0.37129549103559,0.16990291262135923,0.1111111111111111,0.2317335996635827,0.6019417475728155,0.47848877980364657,0.7,1.0,1.0,1.0,1.0,0.0,0.23300970873786409,24,1.0,0.8125,0.5625,1.0,0.0,4.904761904761905,501.1904761904762,67.9047619047619
DCv21,granite41_8b,tracker,21,18,0,104,0.19047619047619047,0.8317307692307693,0.7373715973292244,0.9223321894877804,0.16826923076923078,0.07766781051221962,0.2626284026707756,0.11057692307692307,0.042838345864661655,0.1850046296296296,0.057692307692307696,0.010309278350515464,0.11276152213462697,0.8076923076923077,0.7216954331046312,0.8989387274959083,1.0,1.0,1.0,1.0,0.0,0.3942307692307692,41,1.0,0.8292682926829268,0.7553191489361702,0.911783088235294,0.024390243902439025,4.9523809523809526,418.76190476190476,58.857142857142854
DCv21,granite41_8b,withheld,21,18,0,104,0.0,0.5769230769230769,0.4518995098039216,0.6881201426594272,0.4230769230769231,0.3118798573405728,0.5481004901960783,0.25961538461538464,0.16153645833333335,0.3649002199874291,0.16346153846153846,0.1,0.23438297193877547,0.5913461538461539,0.49572649572649574,0.68421835839599,1.0,1.0,1.0,1.0,0.0,0.2692307692307692,28,1.0,0.7678571428571429,0.5714285714285714,0.95,0.07142857142857142,4.9523809523809526,498.7142857142857,67.19047619047619
DCv21,llama31_8b,blind,21,19,0,76,0.09523809523809523,0.8223684210526315,0.7411597170513775,0.8947368421052632,0.17763157894736842,0.10526315789473684,0.25884028294862244,0.13157894736842105,0.06578947368421052,0.2112676056338028,0.046052631578947366,0.012658227848101266,0.08783783783783784,0.8026315789473685,0.7191780821917808,0.8831280021348513,1.0,1.0,1.0,1.0,0.0,0.4342105263157895,33,1.0,0.6060606060606061,0.46247596153846154,0.8,0.0,3.619047619047619,396.0,55.904761904761905
DCv21,llama31_8b,tracker,21,19,0,87,0.19047619047619047,0.8275862068965517,0.7359296737511846,0.9166666666666666,0.1724137931034483,0.08333333333333333,0.2640703262488153,0.08045977011494253,0.03205128205128205,0.12821782178217814,0.09195402298850575,0.028409090909090908,0.16671195652173887,0.8160919540229885,0.7092663966553436,0.9133448275862068,0.9285714285714286,0.8093944099378882,1.0,0.9285714285714286,0.07142857142857142,0.47126436781609193,41,1.0,0.7804878048780488,0.6470281862745099,0.9516129032258065,0.024390243902439025,4.142857142857143,385.6666666666667,53.476190476190474
DCv21,llama31_8b,withheld,21,19,0,84,0.09523809523809523,0.7916666666666666,0.7026984262743757,0.875,0.20833333333333334,0.125,0.2973015737256243,0.17261904761904762,0.09144955654101995,0.25883442265795203,0.03571428571428571,0.010986024844720497,0.07142857142857142,0.7857142857142857,0.7,0.8676664086687306,1.0,1.0,1.0,1.0,0.0,0.4166666666666667,35,1.0,0.7,0.5468394886363637,0.8889492753623185,0.0,4.0,428.57142857142856,59.80952380952381
DCv21,mistral_medium_128b,blind,21,20,0,85,0.0,0.6627450980392157,0.5637654320987654,0.7548013967699693,0.33725490196078434,0.24519860323003054,0.43623456790123444,0.2117647058823529,0.13917870518994113,0.28807393535857945,0.12549019607843137,0.07594457230533178,0.18333333333333332,0.76078431372549,0.6882860266880886,0.8294573643410852,0.984126984126984,0.95,1.0,0.984126984126984,0.0,0.5176470588235295,44,1.0,0.7727272727272726,0.6583333333333333,0.8666666666666666,0.0303030303030303,4.0476190476190474,312.23809523809524,38.80952380952381
DCv21,mistral_medium_128b,tracker,21,20,0,85,0.047619047619047616,0.8666666666666667,0.807843137254902,0.9195402298850575,0.13333333333333333,0.08045977011494253,0.19215686274509802,0.10980392156862744,0.06130268199233716,0.16017726998739654,0.023529411764705882,0.004115226337448559,0.047619047619047616,0.8823529411764706,0.8208253205128204,0.9375057234432232,1.0,1.0,1.0,1.0,0.0,0.12941176470588237,11,1.0,0.7575757575757575,0.6944444444444443,0.8148148148148147,0.1515151515151515,4.0476190476190474,250.38095238095238,32.04761904761905
DCv21,mistral_medium_128b,withheld,21,20,0,85,0.0,0.6784313725490196,0.5833104395604395,0.7647121669180492,0.3215686274509804,0.23528783308195073,0.41668956043956035,0.20392156862745098,0.13257461664841183,0.28016076978245263,0.11764705882352941,0.07172995780590717,0.16666666666666663,0.7254901960784313,0.6382025996185887,0.8026461107588246,0.984126984126984,0.95,1.0,0.984126984126984,0.0,0.5411764705882353,46,1.0,0.7681159420289854,0.6594120553359684,0.874074074074074,0.02898550724637681,4.0476190476190474,312.8095238095238,39.04761904761905
DCv21,mistral_small_24b,blind,21,18,0,86,0.047619047619047616,0.689922480620155,0.5896929824561403,0.7798773584905659,0.31007751937984496,0.22012264150943395,0.4103070175438593,0.21317829457364343,0.13698044725441985,0.2962962962962963,0.09689922480620154,0.05841709621993126,0.14230601008541716,0.6976744186046512,0.6179495458263378,0.776503267973856,1.0,1.0,1.0,1.0,0.0,0.26744186046511625,23,1.0,0.8405797101449276,0.7387226512226512,1.0,0.0,4.095238095238095,346.14285714285717,42.61904761904762
DCv21,mistral_small_24b,tracker,21,18,0,86,0.09523809523809523,0.9341085271317829,0.8804276583618303,0.9759036144578314,0.06589147286821705,0.024096385542168672,0.11957234163816964,0.03488372093023256,0.008032128514056224,0.0697879616963063,0.031007751937984496,0.011360444330949949,0.05490196078431372,0.9147286821705425,0.861454052276837,0.9569961400606563,0.9682539682539681,0.8947368421052632,1.0,0.9682539682539681,0.031746031746031744,0.37209302325581395,32,1.0,0.7395833333333333,0.6078179989944694,0.8735632183908045,0.010416666666666666,4.095238095238095,349.9047619047619,44.19047619047619
DCv21,mistral_small_24b,withheld,21,18,0,86,0.047619047619047616,0.7248062015503876,0.6431841046277665,0.8019390030259594,0.2751937984496124,0.19806099697404048,0.35681589537223335,0.1821705426356589,0.1123708010335917,0.26016260162601623,0.09302325581395349,0.06274509803921569,0.12499999999999997,0.7286821705426356,0.6533333333333333,0.8058619650391802,1.0,1.0,1.0,1.0,0.0,0.2558139534883721,22,1.0,0.8787878787878788,0.791611842105263,1.0,0.0,4.095238095238095,341.57142857142856,41.285714285714285
DCv21,qwen3_14b,blind,21,20,0,66,0.047619047619047616,0.7222222222222222,0.6161530559835644,0.8187258400237881,0.27777777777777773,0.18127415997621174,0.3838469440164355,0.0808080808080808,0.0312403549382716,0.12451054216867463,0.19696969696969693,0.0937286543715847,0.3222267759562841,0.7525252525252525,0.65,0.8448421622522071,1.0,1.0,1.0,1.0,0.0,0.5606060606060606,37,1.0,0.6576576576576576,0.5315008190008189,0.7941365007541477,0.018018018018018018,3.142857142857143,332.1904761904762,43.57142857142857
DCv21,qwen3_14b,tracker,21,20,0,89,0.14285714285714285,0.8651685393258426,0.7934227729244666,0.9255753326141675,0.13483146067415727,0.07442466738583242,0.20657722707553333,0.037453183520599245,0.011490987460815047,0.06884057971014493,0.09737827715355804,0.036576528808766356,0.17242071735216724,0.8726591760299626,0.807843137254902,0.9273963265891807,1.0,1.0,1.0,1.0,0.0,0.3146067415730337,28,1.0,0.75,0.5746677442528735,0.8846153846153846,0.011904761904761904,4.238095238095238,322.57142857142856,43.95238095238095
DCv21,qwen3_14b,withheld,21,20,0,69,0.047619047619047616,0.7101449275362319,0.6074577572964671,0.8019361413043478,0.28985507246376807,0.19806385869565216,0.39254224270353266,0.09661835748792269,0.047619047619047616,0.139250484661877,0.19323671497584538,0.1038195982868114,0.30601831339536256,0.7487922705314011,0.6619718309859155,0.8260968830653166,1.0,1.0,1.0,1.0,0.0,0.5507246376811594,38,1.0,0.6491228070175438,0.5332936507936508,0.7708482142857143,0.008771929824561403,3.2857142857142856,331.1904761904762,43.76190476190476
DCv21,qwen3_4b,blind,21,19,0,77,0.0,0.696969696969697,0.622483266398929,0.7721243042671614,0.30303030303030304,0.22787569573283853,0.3775167336010709,0.20779220779220778,0.13233050262358464,0.2801932367149758,0.09523809523809523,0.039992063492063495,0.1688920187793427,0.7012987012987013,0.6376766304347825,0.7688275434243176,0.984126984126984,0.95,1.0,0.984126984126984,0.0,0.2727272727272727,21,1.0,0.8888888888888887,0.7574960127591706,1.0,0.0,3.6666666666666665,326.3809523809524,41.80952380952381
DCv21,qwen3_4b,tracker,21,19,0,82,0.38095238095238093,0.8617886178861788,0.7790658123714602,0.9403270808121553,0.1382113821138211,0.059672919187844564,0.22093418762853978,0.08536585365853659,0.020193001443001443,0.1645035344402433,0.05284552845528455,0.008333333333333333,0.10360360360360359,0.8658536585365854,0.7849428338097182,0.9401741293532339,0.9523809523809523,0.8421052631578947,1.0,0.9523809523809523,0.0,0.2073170731707317,17,1.0,0.6470588235294118,0.5,0.9090909090909091,0.0196078431372549,3.9047619047619047,272.14285714285717,34.80952380952381
DCv21,qwen3_4b,withheld,21,19,0,80,0.0,0.6958333333333332,0.6219232723577235,0.7644509803921568,0.3041666666666666,0.2355490196078431,0.37807672764227623,0.2125,0.13419781438074121,0.29080230496453885,0.09166666666666665,0.05,0.1466796536796536,0.7374999999999999,0.6666666666666666,0.8039215686274509,0.9682539682539681,0.9205357142857142,1.0,0.9682539682539681,0.0,0.3125,25,1.0,0.8666666666666666,0.7407004830917874,0.9583648989898989,0.0,3.8095238095238093,327.1904761904762,42.19047619047619
