template_id,kind,items,sentences,para_kept_rate
affected:s0,original,19,19,0.9842105263157894
affected:s0,paraphrase,187,19,0.9842105263157894
affected:s1,original,25,25,0.964
affected:s1,paraphrase,241,25,0.964
affected:s2,original,1,1,1.0
affected:s2,paraphrase,10,1,1.0
contradictory:s0,original,18,18,0.8111111111111111
contradictory:s0,paraphrase,146,17,0.8111111111111111
contradictory:s1,original,25,25,0.968
contradictory:s1,paraphrase,242,25,0.968
contradictory:s2,original,1,1,0.8
contradictory:s2,paraphrase,8,1,0.8
not_applicable:s0,original,19,19,0.8789473684210526
not_applicable:s0,paraphrase,167,19,0.8789473684210526
not_applicable:s1,original,19,19,0.9473684210526315
not_applicable:s1,paraphrase,180,19,0.9473684210526315
not_applicable:s2,original,1,1,1.0
not_applicable:s2,paraphrase,10,1,1.0
uncertain:s0,original,14,14,0.8214285714285714
uncertain:s0,paraphrase,115,14,0.8214285714285714
uncertain:s1,original,14,14,0.9642857142857143
uncertain:s1,paraphrase,135,14,0.9642857142857143
uncertain:s2,original,1,1,1.0
uncertain:s2,paraphrase,10,1,1.0
