model,kind,proposed_atoms,acceptance_rate,pass_verbatim,pass_len3,pass_consistency,proposed_error_rate,accepted_error_rate,rejected_error_rate,correct_atoms_rejected_share
qwen3_4b,original,216,0.7314814814814815,0.9907407407407407,0.8703703703703703,0.7314814814814815,0.22685185185185186,0.13291139240506333,0.48275862068965514,0.17964071856287425
qwen3_4b,paraphrase,2283,0.6649145860709592,0.9636443276390714,0.9583880858519492,0.6649145860709592,0.22864651773981604,0.04347826086956519,0.596078431372549,0.17546848381601363
granite_41_8b,original,238,0.7773109243697479,0.9705882352941176,0.8151260504201681,0.7773109243697479,0.1512605042016807,0.00540540540540535,0.6603773584905661,0.0891089108910891
granite_41_8b,paraphrase,2281,0.7584392810170978,0.9355545813239807,0.8676019289785182,0.7584392810170978,0.19552827707145992,0.0722543352601156,0.5825771324863884,0.12534059945504086
llama31_8b,original,241,0.5975103734439834,0.995850622406639,0.8340248962655602,0.5975103734439834,0.22821576763485474,0.00694444444444442,0.5567010309278351,0.23118279569892472
llama31_8b,paraphrase,2015,0.5419354838709678,0.9751861042183623,0.8476426799007444,0.5419354838709678,0.22183622828784122,0.03754578754578752,0.4398699891657638,0.32971938775510207
qwen3_14b,original,251,0.7131474103585658,0.9402390438247012,0.9362549800796812,0.7131474103585658,0.2071713147410359,0.0,0.7222222222222222,0.10050251256281408
qwen3_14b,paraphrase,2236,0.6847048300536672,0.9427549194991055,0.9382826475849732,0.6847048300536672,0.18067978533094808,0.02090137165251471,0.5276595744680851,0.18176855895196506
mistral_small_24b,original,206,0.8640776699029126,0.9951456310679612,0.9951456310679612,0.8640776699029126,0.12621359223300976,0.0,0.9285714285714286,0.011111111111111112
mistral_small_24b,paraphrase,2053,0.8046760837798344,0.9644422795908427,0.9644422795908427,0.8046760837798344,0.13735996103263515,0.03450363196125905,0.5610972568578554,0.09937888198757763
gemma_4_31b,original,255,0.996078431372549,1.0,0.996078431372549,0.996078431372549,0.207843137254902,0.20472440944881887,1.0,0.0
gemma_4_31b,paraphrase,2240,0.9816964285714286,0.9892857142857143,0.9883928571428572,0.9816964285714286,0.1763392857142857,0.17735334242837653,0.12195121951219512,0.01951219512195122
