case_id,model,arm,cve,ecosystem,variant
D7-CVE-2021-44228-maven-noble-V3,gemma4_31b,tracker,CVE-2021-44228,maven,V3
D7-CVE-2021-44228-maven-noble-V3,gemma4_31b,withheld,CVE-2021-44228,maven,V3
D7-CVE-2021-44228-maven-noble-V3,gemma4_31b,blind,CVE-2021-44228,maven,V3
D7-CVE-2025-49113-vendor-jammy-V8,gemma4_31b,tracker,CVE-2025-49113,vendor,V8
D7-CVE-2025-49113-vendor-jammy-V8,gemma4_31b,withheld,CVE-2025-49113,vendor,V8
D7-CVE-2025-49113-vendor-jammy-V8,gemma4_31b,blind,CVE-2025-49113,vendor,V8
D7-CVE-2023-43770-vendor-noble-V6,gemma4_31b,tracker,CVE-2023-43770,vendor,V6
D7-CVE-2023-43770-vendor-noble-V6,gemma4_31b,withheld,CVE-2023-43770,vendor,V6
D7-CVE-2023-43770-vendor-noble-V6,gemma4_31b,blind,CVE-2023-43770,vendor,V6
D7-CVE-2023-46604-maven-jammy-V3,gemma4_31b,tracker,CVE-2023-46604,maven,V3
D7-CVE-2023-46604-maven-jammy-V3,gemma4_31b,withheld,CVE-2023-46604,maven,V3
D7-CVE-2023-46604-maven-jammy-V3,gemma4_31b,blind,CVE-2023-46604,maven,V3
D7-CVE-2021-4104-maven-noble-V2-b2,gemma4_31b,tracker,CVE-2021-4104,maven,V2
D7-CVE-2021-4104-maven-noble-V2-b2,gemma4_31b,withheld,CVE-2021-4104,maven,V2
D7-CVE-2021-4104-maven-noble-V2-b2,gemma4_31b,blind,CVE-2021-4104,maven,V2
D7-CVE-2024-1597-maven-jammy-V6,gemma4_31b,tracker,CVE-2024-1597,maven,V6
D7-CVE-2024-1597-maven-jammy-V6,gemma4_31b,withheld,CVE-2024-1597,maven,V6
D7-CVE-2024-1597-maven-jammy-V6,gemma4_31b,blind,CVE-2024-1597,maven,V6
D7-CVE-2026-10051-maven-jammy-V3,gemma4_31b,tracker,CVE-2026-10051,maven,V3
D7-CVE-2026-10051-maven-jammy-V3,gemma4_31b,withheld,CVE-2026-10051,maven,V3
D7-CVE-2026-10051-maven-jammy-V3,gemma4_31b,blind,CVE-2026-10051,maven,V3
D7-CVE-2023-43770-vendor-noble-V4,gemma4_31b,tracker,CVE-2023-43770,vendor,V4
D7-CVE-2023-43770-vendor-noble-V4,gemma4_31b,withheld,CVE-2023-43770,vendor,V4
D7-CVE-2023-43770-vendor-noble-V4,gemma4_31b,blind,CVE-2023-43770,vendor,V4
D7-CVE-2021-4104-maven-noble-V1,gemma4_31b,tracker,CVE-2021-4104,maven,V1
D7-CVE-2021-4104-maven-noble-V1,gemma4_31b,withheld,CVE-2021-4104,maven,V1
D7-CVE-2021-4104-maven-noble-V1,gemma4_31b,blind,CVE-2021-4104,maven,V1
D7-CVE-2026-43617-deb-ubuntu-noble-V2,gemma4_31b,tracker,CVE-2026-43617,deb-ubuntu,V2
D7-CVE-2026-43617-deb-ubuntu-noble-V2,gemma4_31b,withheld,CVE-2026-43617,deb-ubuntu,V2
D7-CVE-2026-43617-deb-ubuntu-noble-V2,gemma4_31b,blind,CVE-2026-43617,deb-ubuntu,V2
D7-CVE-2025-8714-deb-ubuntu-jammy-V6,gemma4_31b,tracker,CVE-2025-8714,deb-ubuntu,V6
D7-CVE-2025-8714-deb-ubuntu-jammy-V6,gemma4_31b,withheld,CVE-2025-8714,deb-ubuntu,V6
D7-CVE-2025-8714-deb-ubuntu-jammy-V6,gemma4_31b,blind,CVE-2025-8714,deb-ubuntu,V6
D7-CVE-2026-48522-pypi-jammy-V6,gemma4_31b,tracker,CVE-2026-48522,pypi,V6
D7-CVE-2026-48522-pypi-jammy-V6,gemma4_31b,withheld,CVE-2026-48522,pypi,V6
D7-CVE-2026-48522-pypi-jammy-V6,gemma4_31b,blind,CVE-2026-48522,pypi,V6
D7-CVE-2026-13221-deb-ubuntu-jammy-V4,gemma4_31b,tracker,CVE-2026-13221,deb-ubuntu,V4
D7-CVE-2026-13221-deb-ubuntu-jammy-V4,gemma4_31b,withheld,CVE-2026-13221,deb-ubuntu,V4
D7-CVE-2026-13221-deb-ubuntu-jammy-V4,gemma4_31b,blind,CVE-2026-13221,deb-ubuntu,V4
D7-CVE-2024-37383-vendor-jammy-V4,gemma4_31b,tracker,CVE-2024-37383,vendor,V4
D7-CVE-2024-37383-vendor-jammy-V4,gemma4_31b,withheld,CVE-2024-37383,vendor,V4
D7-CVE-2024-37383-vendor-jammy-V4,gemma4_31b,blind,CVE-2024-37383,vendor,V4
D7-CVE-2024-37383-vendor-jammy-V8,gemma4_31b,tracker,CVE-2024-37383,vendor,V8
D7-CVE-2024-37383-vendor-jammy-V8,gemma4_31b,withheld,CVE-2024-37383,vendor,V8
D7-CVE-2024-37383-vendor-jammy-V8,gemma4_31b,blind,CVE-2024-37383,vendor,V8
D7-CVE-2024-38475-deb-ubuntu-noble-V4,gemma4_31b,tracker,CVE-2024-38475,deb-ubuntu,V4
D7-CVE-2024-38475-deb-ubuntu-noble-V4,gemma4_31b,withheld,CVE-2024-38475,deb-ubuntu,V4
D7-CVE-2024-38475-deb-ubuntu-noble-V4,gemma4_31b,blind,CVE-2024-38475,deb-ubuntu,V4
D7-CVE-2026-45409-pypi-jammy-V1,gemma4_31b,tracker,CVE-2026-45409,pypi,V1
D7-CVE-2026-45409-pypi-jammy-V1,gemma4_31b,withheld,CVE-2026-45409,pypi,V1
D7-CVE-2026-45409-pypi-jammy-V1,gemma4_31b,blind,CVE-2026-45409,pypi,V1
D7-CVE-2026-84645-vendor-noble-V8-b2,gemma4_31b,tracker,CVE-2026-84645,vendor,V8
D7-CVE-2026-84645-vendor-noble-V8-b2,gemma4_31b,withheld,CVE-2026-84645,vendor,V8
D7-CVE-2026-84645-vendor-noble-V8-b2,gemma4_31b,blind,CVE-2026-84645,vendor,V8
D7-CVE-2026-42308-pypi-noble-V2,gemma4_31b,tracker,CVE-2026-42308,pypi,V2
D7-CVE-2026-42308-pypi-noble-V2,gemma4_31b,withheld,CVE-2026-42308,pypi,V2
D7-CVE-2026-42308-pypi-noble-V2,gemma4_31b,blind,CVE-2026-42308,pypi,V2
D7-CVE-2024-56171-deb-ubuntu-jammy-V4,gemma4_31b,tracker,CVE-2024-56171,deb-ubuntu,V4
D7-CVE-2024-56171-deb-ubuntu-jammy-V4,gemma4_31b,withheld,CVE-2024-56171,deb-ubuntu,V4
D7-CVE-2024-56171-deb-ubuntu-jammy-V4,gemma4_31b,blind,CVE-2024-56171,deb-ubuntu,V4
D7-CVE-2024-1597-maven-jammy-V2,gemma4_31b,tracker,CVE-2024-1597,maven,V2
D7-CVE-2024-1597-maven-jammy-V2,gemma4_31b,withheld,CVE-2024-1597,maven,V2
D7-CVE-2024-1597-maven-jammy-V2,gemma4_31b,blind,CVE-2024-1597,maven,V2
D7-CVE-2026-56153-vendor-noble-V8-b2,granite41_30b,tracker,CVE-2026-56153,vendor,V8
D7-CVE-2026-56153-vendor-noble-V8-b2,granite41_30b,withheld,CVE-2026-56153,vendor,V8
D7-CVE-2026-56153-vendor-noble-V8-b2,granite41_30b,blind,CVE-2026-56153,vendor,V8
D7-CVE-2026-43617-deb-ubuntu-noble-V1,granite41_30b,tracker,CVE-2026-43617,deb-ubuntu,V1
D7-CVE-2026-43617-deb-ubuntu-noble-V1,granite41_30b,withheld,CVE-2026-43617,deb-ubuntu,V1
D7-CVE-2026-43617-deb-ubuntu-noble-V1,granite41_30b,blind,CVE-2026-43617,deb-ubuntu,V1
D7-CVE-2021-40438-vendor-jammy-V8-b2,granite41_30b,tracker,CVE-2021-40438,vendor,V8
D7-CVE-2021-40438-vendor-jammy-V8-b2,granite41_30b,withheld,CVE-2021-40438,vendor,V8
D7-CVE-2021-40438-vendor-jammy-V8-b2,granite41_30b,blind,CVE-2021-40438,vendor,V8
D7-CVE-2025-49630-deb-ubuntu-jammy-V2,granite41_30b,tracker,CVE-2025-49630,deb-ubuntu,V2
D7-CVE-2025-49630-deb-ubuntu-jammy-V2,granite41_30b,withheld,CVE-2025-49630,deb-ubuntu,V2
D7-CVE-2025-49630-deb-ubuntu-jammy-V2,granite41_30b,blind,CVE-2025-49630,deb-ubuntu,V2
D7-CVE-2026-6907-pypi-noble-V3,granite41_30b,tracker,CVE-2026-6907,pypi,V3
D7-CVE-2026-6907-pypi-noble-V3,granite41_30b,withheld,CVE-2026-6907,pypi,V3
D7-CVE-2026-6907-pypi-noble-V3,granite41_30b,blind,CVE-2026-6907,pypi,V3
D7-CVE-2020-9484-vendor-jammy-V4,granite41_30b,tracker,CVE-2020-9484,vendor,V4
D7-CVE-2020-9484-vendor-jammy-V4,granite41_30b,withheld,CVE-2020-9484,vendor,V4
D7-CVE-2020-9484-vendor-jammy-V4,granite41_30b,blind,CVE-2020-9484,vendor,V4
D7-CVE-2023-46604-maven-noble-V6,granite41_30b,tracker,CVE-2023-46604,maven,V6
D7-CVE-2023-46604-maven-noble-V6,granite41_30b,withheld,CVE-2023-46604,maven,V6
D7-CVE-2023-46604-maven-noble-V6,granite41_30b,blind,CVE-2023-46604,maven,V6
D7-CVE-2023-46604-maven-noble-V1,granite41_30b,tracker,CVE-2023-46604,maven,V1
D7-CVE-2023-46604-maven-noble-V1,granite41_30b,withheld,CVE-2023-46604,maven,V1
D7-CVE-2023-46604-maven-noble-V1,granite41_30b,blind,CVE-2023-46604,maven,V1
D7-CVE-2026-10051-maven-noble-V4,granite41_30b,tracker,CVE-2026-10051,maven,V4
D7-CVE-2026-10051-maven-noble-V4,granite41_30b,withheld,CVE-2026-10051,maven,V4
D7-CVE-2026-10051-maven-noble-V4,granite41_30b,blind,CVE-2026-10051,maven,V4
D7-CVE-2026-59998-deb-ubuntu-jammy-V4,granite41_30b,tracker,CVE-2026-59998,deb-ubuntu,V4
D7-CVE-2026-59998-deb-ubuntu-jammy-V4,granite41_30b,withheld,CVE-2026-59998,deb-ubuntu,V4
D7-CVE-2026-59998-deb-ubuntu-jammy-V4,granite41_30b,blind,CVE-2026-59998,deb-ubuntu,V4
D7-CVE-2024-33599-deb-ubuntu-jammy-V4,granite41_30b,tracker,CVE-2024-33599,deb-ubuntu,V4
D7-CVE-2024-33599-deb-ubuntu-jammy-V4,granite41_30b,withheld,CVE-2024-33599,deb-ubuntu,V4
D7-CVE-2024-33599-deb-ubuntu-jammy-V4,granite41_30b,blind,CVE-2024-33599,deb-ubuntu,V4
D7-CVE-2023-42116-deb-ubuntu-jammy-V5,granite41_30b,tracker,CVE-2023-42116,deb-ubuntu,V5
D7-CVE-2023-42116-deb-ubuntu-jammy-V5,granite41_30b,withheld,CVE-2023-42116,deb-ubuntu,V5
D7-CVE-2023-42116-deb-ubuntu-jammy-V5,granite41_30b,blind,CVE-2023-42116,deb-ubuntu,V5
D7-CVE-2016-4437-maven-noble-V2,granite41_30b,tracker,CVE-2016-4437,maven,V2
D7-CVE-2016-4437-maven-noble-V2,granite41_30b,withheld,CVE-2016-4437,maven,V2
D7-CVE-2016-4437-maven-noble-V2,granite41_30b,blind,CVE-2016-4437,maven,V2
D7-CVE-2026-48522-pypi-jammy-V3,granite41_30b,tracker,CVE-2026-48522,pypi,V3
D7-CVE-2026-48522-pypi-jammy-V3,granite41_30b,withheld,CVE-2026-48522,pypi,V3
D7-CVE-2026-48522-pypi-jammy-V3,granite41_30b,blind,CVE-2026-48522,pypi,V3
D7-CVE-2026-12969-deb-ubuntu-jammy-V4,granite41_30b,tracker,CVE-2026-12969,deb-ubuntu,V4
D7-CVE-2026-12969-deb-ubuntu-jammy-V4,granite41_30b,withheld,CVE-2026-12969,deb-ubuntu,V4
D7-CVE-2026-12969-deb-ubuntu-jammy-V4,granite41_30b,blind,CVE-2026-12969,deb-ubuntu,V4
D7-CVE-2026-41848-maven-jammy-V2,granite41_30b,tracker,CVE-2026-41848,maven,V2
D7-CVE-2026-41848-maven-jammy-V2,granite41_30b,withheld,CVE-2026-41848,maven,V2
D7-CVE-2026-41848-maven-jammy-V2,granite41_30b,blind,CVE-2026-41848,maven,V2
D7-CVE-2023-30861-pypi-jammy-V2,granite41_30b,tracker,CVE-2023-30861,pypi,V2
D7-CVE-2023-30861-pypi-jammy-V2,granite41_30b,withheld,CVE-2023-30861,pypi,V2
D7-CVE-2023-30861-pypi-jammy-V2,granite41_30b,blind,CVE-2023-30861,pypi,V2
D7-CVE-2023-46604-maven-jammy-V2,granite41_30b,tracker,CVE-2023-46604,maven,V2
D7-CVE-2023-46604-maven-jammy-V2,granite41_30b,withheld,CVE-2023-46604,maven,V2
D7-CVE-2023-46604-maven-jammy-V2,granite41_30b,blind,CVE-2023-46604,maven,V2
D7-CVE-2026-59846-deb-ubuntu-jammy-V2,granite41_30b,tracker,CVE-2026-59846,deb-ubuntu,V2
D7-CVE-2026-59846-deb-ubuntu-jammy-V2,granite41_30b,withheld,CVE-2026-59846,deb-ubuntu,V2
D7-CVE-2026-59846-deb-ubuntu-jammy-V2,granite41_30b,blind,CVE-2026-59846,deb-ubuntu,V2
D7-CVE-2025-23419-deb-ubuntu-jammy-V6,granite41_30b,tracker,CVE-2025-23419,deb-ubuntu,V6
D7-CVE-2025-23419-deb-ubuntu-jammy-V6,granite41_30b,withheld,CVE-2025-23419,deb-ubuntu,V6
D7-CVE-2025-23419-deb-ubuntu-jammy-V6,granite41_30b,blind,CVE-2025-23419,deb-ubuntu,V6
D7-CVE-2026-49268-maven-jammy-V2,granite41_30b,tracker,CVE-2026-49268,maven,V2
D7-CVE-2026-49268-maven-jammy-V2,granite41_30b,withheld,CVE-2026-49268,maven,V2
D7-CVE-2026-49268-maven-jammy-V2,granite41_30b,blind,CVE-2026-49268,maven,V2
D7-CVE-2026-48522-pypi-noble-V1,granite41_8b,tracker,CVE-2026-48522,pypi,V1
D7-CVE-2026-48522-pypi-noble-V1,granite41_8b,withheld,CVE-2026-48522,pypi,V1
D7-CVE-2026-48522-pypi-noble-V1,granite41_8b,blind,CVE-2026-48522,pypi,V1
D7-CVE-2018-1000861-vendor-noble-V8-b2,granite41_8b,tracker,CVE-2018-1000861,vendor,V8
D7-CVE-2018-1000861-vendor-noble-V8-b2,granite41_8b,withheld,CVE-2018-1000861,vendor,V8
D7-CVE-2018-1000861-vendor-noble-V8-b2,granite41_8b,blind,CVE-2018-1000861,vendor,V8
D7-CVE-2026-40110-pypi-noble-V1,granite41_8b,tracker,CVE-2026-40110,pypi,V1
D7-CVE-2026-40110-pypi-noble-V1,granite41_8b,withheld,CVE-2026-40110,pypi,V1
D7-CVE-2026-40110-pypi-noble-V1,granite41_8b,blind,CVE-2026-40110,pypi,V1
D7-CVE-2022-1471-maven-jammy-V3,granite41_8b,tracker,CVE-2022-1471,maven,V3
D7-CVE-2022-1471-maven-jammy-V3,granite41_8b,withheld,CVE-2022-1471,maven,V3
D7-CVE-2022-1471-maven-jammy-V3,granite41_8b,blind,CVE-2022-1471,maven,V3
D7-CVE-2026-2340-deb-ubuntu-noble-V2,granite41_8b,tracker,CVE-2026-2340,deb-ubuntu,V2
D7-CVE-2026-2340-deb-ubuntu-noble-V2,granite41_8b,withheld,CVE-2026-2340,deb-ubuntu,V2
D7-CVE-2026-2340-deb-ubuntu-noble-V2,granite41_8b,blind,CVE-2026-2340,deb-ubuntu,V2
D7-CVE-2026-2340-deb-ubuntu-jammy-V2,granite41_8b,tracker,CVE-2026-2340,deb-ubuntu,V2
D7-CVE-2026-2340-deb-ubuntu-jammy-V2,granite41_8b,withheld,CVE-2026-2340,deb-ubuntu,V2
D7-CVE-2026-2340-deb-ubuntu-jammy-V2,granite41_8b,blind,CVE-2026-2340,deb-ubuntu,V2
D7-CVE-2026-6907-pypi-noble-V6,granite41_8b,tracker,CVE-2026-6907,pypi,V6
D7-CVE-2026-6907-pypi-noble-V6,granite41_8b,withheld,CVE-2026-6907,pypi,V6
D7-CVE-2026-6907-pypi-noble-V6,granite41_8b,blind,CVE-2026-6907,pypi,V6
D7-CVE-2026-53435-vendor-jammy-V3,granite41_8b,tracker,CVE-2026-53435,vendor,V3
D7-CVE-2026-53435-vendor-jammy-V3,granite41_8b,withheld,CVE-2026-53435,vendor,V3
D7-CVE-2026-53435-vendor-jammy-V3,granite41_8b,blind,CVE-2026-53435,vendor,V3
D7-CVE-2025-24813-vendor-jammy-V6,granite41_8b,tracker,CVE-2025-24813,vendor,V6
D7-CVE-2025-24813-vendor-jammy-V6,granite41_8b,withheld,CVE-2025-24813,vendor,V6
D7-CVE-2025-24813-vendor-jammy-V6,granite41_8b,blind,CVE-2025-24813,vendor,V6
D7-CVE-2026-55956-vendor-noble-V4,granite41_8b,tracker,CVE-2026-55956,vendor,V4
D7-CVE-2026-55956-vendor-noble-V4,granite41_8b,withheld,CVE-2026-55956,vendor,V4
D7-CVE-2026-55956-vendor-noble-V4,granite41_8b,blind,CVE-2026-55956,vendor,V4
D7-CVE-2023-42116-deb-ubuntu-jammy-V4,granite41_8b,tracker,CVE-2023-42116,deb-ubuntu,V4
D7-CVE-2023-42116-deb-ubuntu-jammy-V4,granite41_8b,withheld,CVE-2023-42116,deb-ubuntu,V4
D7-CVE-2023-42116-deb-ubuntu-jammy-V4,granite41_8b,blind,CVE-2023-42116,deb-ubuntu,V4
D7-CVE-2026-84645-vendor-jammy-V1,granite41_8b,tracker,CVE-2026-84645,vendor,V1
D7-CVE-2026-84645-vendor-jammy-V1,granite41_8b,withheld,CVE-2026-84645,vendor,V1
D7-CVE-2026-84645-vendor-jammy-V1,granite41_8b,blind,CVE-2026-84645,vendor,V1
D7-CVE-2024-38475-deb-ubuntu-jammy-V4,granite41_8b,tracker,CVE-2024-38475,deb-ubuntu,V4
D7-CVE-2024-38475-deb-ubuntu-jammy-V4,granite41_8b,withheld,CVE-2024-38475,deb-ubuntu,V4
D7-CVE-2024-38475-deb-ubuntu-jammy-V4,granite41_8b,blind,CVE-2024-38475,deb-ubuntu,V4
D7-CVE-2020-1747-pypi-noble-V2-b2,granite41_8b,tracker,CVE-2020-1747,pypi,V2
D7-CVE-2020-1747-pypi-noble-V2-b2,granite41_8b,withheld,CVE-2020-1747,pypi,V2
D7-CVE-2020-1747-pypi-noble-V2-b2,granite41_8b,blind,CVE-2020-1747,pypi,V2
D7-CVE-2026-59846-deb-ubuntu-noble-V1,granite41_8b,tracker,CVE-2026-59846,deb-ubuntu,V1
D7-CVE-2026-59846-deb-ubuntu-noble-V1,granite41_8b,withheld,CVE-2026-59846,deb-ubuntu,V1
D7-CVE-2026-59846-deb-ubuntu-noble-V1,granite41_8b,blind,CVE-2026-59846,deb-ubuntu,V1
D7-CVE-2016-4437-maven-jammy-V7,granite41_8b,tracker,CVE-2016-4437,maven,V7
D7-CVE-2016-4437-maven-jammy-V7,granite41_8b,withheld,CVE-2016-4437,maven,V7
D7-CVE-2016-4437-maven-jammy-V7,granite41_8b,blind,CVE-2016-4437,maven,V7
D7-CVE-2024-1597-maven-noble-V4,granite41_8b,tracker,CVE-2024-1597,maven,V4
D7-CVE-2024-1597-maven-noble-V4,granite41_8b,withheld,CVE-2024-1597,maven,V4
D7-CVE-2024-1597-maven-noble-V4,granite41_8b,blind,CVE-2024-1597,maven,V4
D7-CVE-2026-48522-pypi-noble-V2,granite41_8b,tracker,CVE-2026-48522,pypi,V2
D7-CVE-2026-48522-pypi-noble-V2,granite41_8b,withheld,CVE-2026-48522,pypi,V2
D7-CVE-2026-48522-pypi-noble-V2,granite41_8b,blind,CVE-2026-48522,pypi,V2
D7-CVE-2018-1000861-vendor-jammy-V3,granite41_8b,tracker,CVE-2018-1000861,vendor,V3
D7-CVE-2018-1000861-vendor-jammy-V3,granite41_8b,withheld,CVE-2018-1000861,vendor,V3
D7-CVE-2018-1000861-vendor-jammy-V3,granite41_8b,blind,CVE-2018-1000861,vendor,V3
D7-CVE-2026-45409-pypi-jammy-V2-b2,granite41_8b,tracker,CVE-2026-45409,pypi,V2
D7-CVE-2026-45409-pypi-jammy-V2-b2,granite41_8b,withheld,CVE-2026-45409,pypi,V2
D7-CVE-2026-45409-pypi-jammy-V2-b2,granite41_8b,blind,CVE-2026-45409,pypi,V2
D7-CVE-2026-9828-maven-jammy-V7,granite41_8b,tracker,CVE-2026-9828,maven,V7
D7-CVE-2026-9828-maven-jammy-V7,granite41_8b,withheld,CVE-2026-9828,maven,V7
D7-CVE-2026-9828-maven-jammy-V7,granite41_8b,blind,CVE-2026-9828,maven,V7
D7-CVE-2026-49268-maven-jammy-V7,llama31_8b,tracker,CVE-2026-49268,maven,V7
D7-CVE-2026-49268-maven-jammy-V7,llama31_8b,withheld,CVE-2026-49268,maven,V7
D7-CVE-2026-49268-maven-jammy-V7,llama31_8b,blind,CVE-2026-49268,maven,V7
D7-CVE-2026-84645-vendor-jammy-V8,llama31_8b,tracker,CVE-2026-84645,vendor,V8
D7-CVE-2026-84645-vendor-jammy-V8,llama31_8b,withheld,CVE-2026-84645,vendor,V8
D7-CVE-2026-84645-vendor-jammy-V8,llama31_8b,blind,CVE-2026-84645,vendor,V8
D7-CVE-2024-1597-maven-noble-V7,llama31_8b,tracker,CVE-2024-1597,maven,V7
D7-CVE-2024-1597-maven-noble-V7,llama31_8b,withheld,CVE-2024-1597,maven,V7
D7-CVE-2024-1597-maven-noble-V7,llama31_8b,blind,CVE-2024-1597,maven,V7
D7-CVE-2021-4104-maven-noble-V6,llama31_8b,tracker,CVE-2021-4104,maven,V6
D7-CVE-2021-4104-maven-noble-V6,llama31_8b,withheld,CVE-2021-4104,maven,V6
D7-CVE-2021-4104-maven-noble-V6,llama31_8b,blind,CVE-2021-4104,maven,V6
D7-CVE-2026-55203-deb-ubuntu-jammy-V1,llama31_8b,tracker,CVE-2026-55203,deb-ubuntu,V1
D7-CVE-2026-55203-deb-ubuntu-jammy-V1,llama31_8b,withheld,CVE-2026-55203,deb-ubuntu,V1
D7-CVE-2026-55203-deb-ubuntu-jammy-V1,llama31_8b,blind,CVE-2026-55203,deb-ubuntu,V1
D7-CVE-2026-56153-vendor-noble-V6,llama31_8b,tracker,CVE-2026-56153,vendor,V6
D7-CVE-2026-56153-vendor-noble-V6,llama31_8b,withheld,CVE-2026-56153,vendor,V6
D7-CVE-2026-56153-vendor-noble-V6,llama31_8b,blind,CVE-2026-56153,vendor,V6
D7-CVE-2026-10051-maven-jammy-V2-b2,llama31_8b,tracker,CVE-2026-10051,maven,V2
D7-CVE-2026-10051-maven-jammy-V2-b2,llama31_8b,withheld,CVE-2026-10051,maven,V2
D7-CVE-2026-10051-maven-jammy-V2-b2,llama31_8b,blind,CVE-2026-10051,maven,V2
D7-CVE-2024-38475-deb-ubuntu-noble-V1,llama31_8b,tracker,CVE-2024-38475,deb-ubuntu,V1
D7-CVE-2024-38475-deb-ubuntu-noble-V1,llama31_8b,withheld,CVE-2024-38475,deb-ubuntu,V1
D7-CVE-2024-38475-deb-ubuntu-noble-V1,llama31_8b,blind,CVE-2024-38475,deb-ubuntu,V1
D7-CVE-2021-44228-maven-noble-V4,llama31_8b,tracker,CVE-2021-44228,maven,V4
D7-CVE-2021-44228-maven-noble-V4,llama31_8b,withheld,CVE-2021-44228,maven,V4
D7-CVE-2021-44228-maven-noble-V4,llama31_8b,blind,CVE-2021-44228,maven,V4
D7-CVE-2025-49812-deb-ubuntu-jammy-V5,llama31_8b,tracker,CVE-2025-49812,deb-ubuntu,V5
D7-CVE-2025-49812-deb-ubuntu-jammy-V5,llama31_8b,withheld,CVE-2025-49812,deb-ubuntu,V5
D7-CVE-2025-49812-deb-ubuntu-jammy-V5,llama31_8b,blind,CVE-2025-49812,deb-ubuntu,V5
D7-CVE-2024-33599-deb-ubuntu-noble-V2,llama31_8b,tracker,CVE-2024-33599,deb-ubuntu,V2
D7-CVE-2024-33599-deb-ubuntu-noble-V2,llama31_8b,withheld,CVE-2024-33599,deb-ubuntu,V2
D7-CVE-2024-33599-deb-ubuntu-noble-V2,llama31_8b,blind,CVE-2024-33599,deb-ubuntu,V2
D7-CVE-2021-40438-vendor-jammy-V5,llama31_8b,tracker,CVE-2021-40438,vendor,V5
D7-CVE-2021-40438-vendor-jammy-V5,llama31_8b,withheld,CVE-2021-40438,vendor,V5
D7-CVE-2021-40438-vendor-jammy-V5,llama31_8b,blind,CVE-2021-40438,vendor,V5
D7-CVE-2026-24072-deb-ubuntu-jammy-V6,llama31_8b,tracker,CVE-2026-24072,deb-ubuntu,V6
D7-CVE-2026-24072-deb-ubuntu-jammy-V6,llama31_8b,withheld,CVE-2026-24072,deb-ubuntu,V6
D7-CVE-2026-24072-deb-ubuntu-jammy-V6,llama31_8b,blind,CVE-2026-24072,deb-ubuntu,V6
D7-CVE-2026-2340-deb-ubuntu-jammy-V4,llama31_8b,tracker,CVE-2026-2340,deb-ubuntu,V4
D7-CVE-2026-2340-deb-ubuntu-jammy-V4,llama31_8b,withheld,CVE-2026-2340,deb-ubuntu,V4
D7-CVE-2026-2340-deb-ubuntu-jammy-V4,llama31_8b,blind,CVE-2026-2340,deb-ubuntu,V4
D7-CVE-2021-45046-maven-noble-V6,llama31_8b,tracker,CVE-2021-45046,maven,V6
D7-CVE-2021-45046-maven-noble-V6,llama31_8b,withheld,CVE-2021-45046,maven,V6
D7-CVE-2021-45046-maven-noble-V6,llama31_8b,blind,CVE-2021-45046,maven,V6
D7-CVE-2024-1597-maven-jammy-V1,llama31_8b,tracker,CVE-2024-1597,maven,V1
D7-CVE-2024-1597-maven-jammy-V1,llama31_8b,withheld,CVE-2024-1597,maven,V1
D7-CVE-2024-1597-maven-jammy-V1,llama31_8b,blind,CVE-2024-1597,maven,V1
D7-CVE-2026-42533-deb-ubuntu-jammy-V2,llama31_8b,tracker,CVE-2026-42533,deb-ubuntu,V2
D7-CVE-2026-42533-deb-ubuntu-jammy-V2,llama31_8b,withheld,CVE-2026-42533,deb-ubuntu,V2
D7-CVE-2026-42533-deb-ubuntu-jammy-V2,llama31_8b,blind,CVE-2026-42533,deb-ubuntu,V2
D7-CVE-2026-42561-pypi-jammy-V6,llama31_8b,tracker,CVE-2026-42561,pypi,V6
D7-CVE-2026-42561-pypi-jammy-V6,llama31_8b,withheld,CVE-2026-42561,pypi,V6
D7-CVE-2026-42561-pypi-jammy-V6,llama31_8b,blind,CVE-2026-42561,pypi,V6
D7-CVE-2023-46604-maven-noble-V7,llama31_8b,tracker,CVE-2023-46604,maven,V7
D7-CVE-2023-46604-maven-noble-V7,llama31_8b,withheld,CVE-2023-46604,maven,V7
D7-CVE-2023-46604-maven-noble-V7,llama31_8b,blind,CVE-2023-46604,maven,V7
D7-CVE-2024-52804-pypi-jammy-V3,llama31_8b,tracker,CVE-2024-52804,pypi,V3
D7-CVE-2024-52804-pypi-jammy-V3,llama31_8b,withheld,CVE-2024-52804,pypi,V3
D7-CVE-2024-52804-pypi-jammy-V3,llama31_8b,blind,CVE-2024-52804,pypi,V3
D7-CVE-2026-55203-deb-ubuntu-noble-V2,llama31_8b,tracker,CVE-2026-55203,deb-ubuntu,V2
D7-CVE-2026-55203-deb-ubuntu-noble-V2,llama31_8b,withheld,CVE-2026-55203,deb-ubuntu,V2
D7-CVE-2026-55203-deb-ubuntu-noble-V2,llama31_8b,blind,CVE-2026-55203,deb-ubuntu,V2
D7-CVE-2026-12969-deb-ubuntu-noble-V1,mistral_medium_128b,tracker,CVE-2026-12969,deb-ubuntu,V1
D7-CVE-2026-12969-deb-ubuntu-noble-V1,mistral_medium_128b,withheld,CVE-2026-12969,deb-ubuntu,V1
D7-CVE-2026-12969-deb-ubuntu-noble-V1,mistral_medium_128b,blind,CVE-2026-12969,deb-ubuntu,V1
D7-CVE-2021-45105-maven-jammy-V6,mistral_medium_128b,tracker,CVE-2021-45105,maven,V6
D7-CVE-2021-45105-maven-jammy-V6,mistral_medium_128b,withheld,CVE-2021-45105,maven,V6
D7-CVE-2021-45105-maven-jammy-V6,mistral_medium_128b,blind,CVE-2021-45105,maven,V6
D7-CVE-2020-9484-vendor-jammy-V8-b2,mistral_medium_128b,tracker,CVE-2020-9484,vendor,V8
D7-CVE-2020-9484-vendor-jammy-V8-b2,mistral_medium_128b,withheld,CVE-2020-9484,vendor,V8
D7-CVE-2020-9484-vendor-jammy-V8-b2,mistral_medium_128b,blind,CVE-2020-9484,vendor,V8
D7-CVE-2023-50447-pypi-noble-V3,mistral_medium_128b,tracker,CVE-2023-50447,pypi,V3
D7-CVE-2023-50447-pypi-noble-V3,mistral_medium_128b,withheld,CVE-2023-50447,pypi,V3
D7-CVE-2023-50447-pypi-noble-V3,mistral_medium_128b,blind,CVE-2023-50447,pypi,V3
D7-CVE-2026-94054-deb-ubuntu-jammy-V4,mistral_medium_128b,tracker,CVE-2026-94054,deb-ubuntu,V4
D7-CVE-2026-94054-deb-ubuntu-jammy-V4,mistral_medium_128b,withheld,CVE-2026-94054,deb-ubuntu,V4
D7-CVE-2026-94054-deb-ubuntu-jammy-V4,mistral_medium_128b,blind,CVE-2026-94054,deb-ubuntu,V4
D7-CVE-2026-13221-deb-ubuntu-jammy-V2,mistral_medium_128b,tracker,CVE-2026-13221,deb-ubuntu,V2
D7-CVE-2026-13221-deb-ubuntu-jammy-V2,mistral_medium_128b,withheld,CVE-2026-13221,deb-ubuntu,V2
D7-CVE-2026-13221-deb-ubuntu-jammy-V2,mistral_medium_128b,blind,CVE-2026-13221,deb-ubuntu,V2
D7-CVE-2021-45046-maven-jammy-V5,mistral_medium_128b,tracker,CVE-2021-45046,maven,V5
D7-CVE-2021-45046-maven-jammy-V5,mistral_medium_128b,withheld,CVE-2021-45046,maven,V5
D7-CVE-2021-45046-maven-jammy-V5,mistral_medium_128b,blind,CVE-2021-45046,maven,V5
D7-CVE-2023-48795-deb-ubuntu-jammy-V2,mistral_medium_128b,tracker,CVE-2023-48795,deb-ubuntu,V2
D7-CVE-2023-48795-deb-ubuntu-jammy-V2,mistral_medium_128b,withheld,CVE-2023-48795,deb-ubuntu,V2
D7-CVE-2023-48795-deb-ubuntu-jammy-V2,mistral_medium_128b,blind,CVE-2023-48795,deb-ubuntu,V2
D7-CVE-2023-48795-deb-ubuntu-noble-V6,mistral_medium_128b,tracker,CVE-2023-48795,deb-ubuntu,V6
D7-CVE-2023-48795-deb-ubuntu-noble-V6,mistral_medium_128b,withheld,CVE-2023-48795,deb-ubuntu,V6
D7-CVE-2023-48795-deb-ubuntu-noble-V6,mistral_medium_128b,blind,CVE-2023-48795,deb-ubuntu,V6
D7-CVE-2026-49268-maven-jammy-V3,mistral_medium_128b,tracker,CVE-2026-49268,maven,V3
D7-CVE-2026-49268-maven-jammy-V3,mistral_medium_128b,withheld,CVE-2026-49268,maven,V3
D7-CVE-2026-49268-maven-jammy-V3,mistral_medium_128b,blind,CVE-2026-49268,maven,V3
D7-CVE-2023-42116-deb-ubuntu-jammy-V2,mistral_medium_128b,tracker,CVE-2023-42116,deb-ubuntu,V2
D7-CVE-2023-42116-deb-ubuntu-jammy-V2,mistral_medium_128b,withheld,CVE-2023-42116,deb-ubuntu,V2
D7-CVE-2023-42116-deb-ubuntu-jammy-V2,mistral_medium_128b,blind,CVE-2023-42116,deb-ubuntu,V2
D7-CVE-2026-6907-pypi-jammy-V1,mistral_medium_128b,tracker,CVE-2026-6907,pypi,V1
D7-CVE-2026-6907-pypi-jammy-V1,mistral_medium_128b,withheld,CVE-2026-6907,pypi,V1
D7-CVE-2026-6907-pypi-jammy-V1,mistral_medium_128b,blind,CVE-2026-6907,pypi,V1
D7-CVE-2025-8714-deb-ubuntu-jammy-V1,mistral_medium_128b,tracker,CVE-2025-8714,deb-ubuntu,V1
D7-CVE-2025-8714-deb-ubuntu-jammy-V1,mistral_medium_128b,withheld,CVE-2025-8714,deb-ubuntu,V1
D7-CVE-2025-8714-deb-ubuntu-jammy-V1,mistral_medium_128b,blind,CVE-2025-8714,deb-ubuntu,V1
D7-CVE-2023-7104-deb-ubuntu-jammy-V2,mistral_medium_128b,tracker,CVE-2023-7104,deb-ubuntu,V2
D7-CVE-2023-7104-deb-ubuntu-jammy-V2,mistral_medium_128b,withheld,CVE-2023-7104,deb-ubuntu,V2
D7-CVE-2023-7104-deb-ubuntu-jammy-V2,mistral_medium_128b,blind,CVE-2023-7104,deb-ubuntu,V2
D7-CVE-2025-32462-deb-ubuntu-noble-V5,mistral_medium_128b,tracker,CVE-2025-32462,deb-ubuntu,V5
D7-CVE-2025-32462-deb-ubuntu-noble-V5,mistral_medium_128b,withheld,CVE-2025-32462,deb-ubuntu,V5
D7-CVE-2025-32462-deb-ubuntu-noble-V5,mistral_medium_128b,blind,CVE-2025-32462,deb-ubuntu,V5
D7-CVE-2024-37383-vendor-jammy-V8-b2,mistral_medium_128b,tracker,CVE-2024-37383,vendor,V8
D7-CVE-2024-37383-vendor-jammy-V8-b2,mistral_medium_128b,withheld,CVE-2024-37383,vendor,V8
D7-CVE-2024-37383-vendor-jammy-V8-b2,mistral_medium_128b,blind,CVE-2024-37383,vendor,V8
D7-CVE-2021-40438-vendor-noble-V6,mistral_medium_128b,tracker,CVE-2021-40438,vendor,V6
D7-CVE-2021-40438-vendor-noble-V6,mistral_medium_128b,withheld,CVE-2021-40438,vendor,V6
D7-CVE-2021-40438-vendor-noble-V6,mistral_medium_128b,blind,CVE-2021-40438,vendor,V6
D7-CVE-2022-22963-maven-jammy-V2,mistral_medium_128b,tracker,CVE-2022-22963,maven,V2
D7-CVE-2022-22963-maven-jammy-V2,mistral_medium_128b,withheld,CVE-2022-22963,maven,V2
D7-CVE-2022-22963-maven-jammy-V2,mistral_medium_128b,blind,CVE-2022-22963,maven,V2
D7-CVE-2024-7347-deb-ubuntu-noble-V3,mistral_medium_128b,tracker,CVE-2024-7347,deb-ubuntu,V3
D7-CVE-2024-7347-deb-ubuntu-noble-V3,mistral_medium_128b,withheld,CVE-2024-7347,deb-ubuntu,V3
D7-CVE-2024-7347-deb-ubuntu-noble-V3,mistral_medium_128b,blind,CVE-2024-7347,deb-ubuntu,V3
D7-CVE-2025-49630-deb-ubuntu-jammy-V6,mistral_medium_128b,tracker,CVE-2025-49630,deb-ubuntu,V6
D7-CVE-2025-49630-deb-ubuntu-jammy-V6,mistral_medium_128b,withheld,CVE-2025-49630,deb-ubuntu,V6
D7-CVE-2025-49630-deb-ubuntu-jammy-V6,mistral_medium_128b,blind,CVE-2025-49630,deb-ubuntu,V6
D7-CVE-2026-90698-deb-ubuntu-noble-V3,mistral_medium_128b,tracker,CVE-2026-90698,deb-ubuntu,V3
D7-CVE-2026-90698-deb-ubuntu-noble-V3,mistral_medium_128b,withheld,CVE-2026-90698,deb-ubuntu,V3
D7-CVE-2026-90698-deb-ubuntu-noble-V3,mistral_medium_128b,blind,CVE-2026-90698,deb-ubuntu,V3
D7-CVE-2026-45409-pypi-noble-V3,mistral_small_24b,tracker,CVE-2026-45409,pypi,V3
D7-CVE-2026-45409-pypi-noble-V3,mistral_small_24b,withheld,CVE-2026-45409,pypi,V3
D7-CVE-2026-45409-pypi-noble-V3,mistral_small_24b,blind,CVE-2026-45409,pypi,V3
D7-CVE-2022-41741-deb-ubuntu-jammy-V6,mistral_small_24b,tracker,CVE-2022-41741,deb-ubuntu,V6
D7-CVE-2022-41741-deb-ubuntu-jammy-V6,mistral_small_24b,withheld,CVE-2022-41741,deb-ubuntu,V6
D7-CVE-2022-41741-deb-ubuntu-jammy-V6,mistral_small_24b,blind,CVE-2022-41741,deb-ubuntu,V6
D7-CVE-2025-49630-deb-ubuntu-noble-V2,mistral_small_24b,tracker,CVE-2025-49630,deb-ubuntu,V2
D7-CVE-2025-49630-deb-ubuntu-noble-V2,mistral_small_24b,withheld,CVE-2025-49630,deb-ubuntu,V2
D7-CVE-2025-49630-deb-ubuntu-noble-V2,mistral_small_24b,blind,CVE-2025-49630,deb-ubuntu,V2
D7-CVE-2023-30861-pypi-noble-V4,mistral_small_24b,tracker,CVE-2023-30861,pypi,V4
D7-CVE-2023-30861-pypi-noble-V4,mistral_small_24b,withheld,CVE-2023-30861,pypi,V4
D7-CVE-2023-30861-pypi-noble-V4,mistral_small_24b,blind,CVE-2023-30861,pypi,V4
D7-CVE-2026-10051-maven-jammy-V2,mistral_small_24b,tracker,CVE-2026-10051,maven,V2
D7-CVE-2026-10051-maven-jammy-V2,mistral_small_24b,withheld,CVE-2026-10051,maven,V2
D7-CVE-2026-10051-maven-jammy-V2,mistral_small_24b,blind,CVE-2026-10051,maven,V2
D7-CVE-2025-8714-deb-ubuntu-jammy-V3,mistral_small_24b,tracker,CVE-2025-8714,deb-ubuntu,V3
D7-CVE-2025-8714-deb-ubuntu-jammy-V3,mistral_small_24b,withheld,CVE-2025-8714,deb-ubuntu,V3
D7-CVE-2025-8714-deb-ubuntu-jammy-V3,mistral_small_24b,blind,CVE-2025-8714,deb-ubuntu,V3
D7-CVE-2024-23334-pypi-jammy-V2-b2,mistral_small_24b,tracker,CVE-2024-23334,pypi,V2
D7-CVE-2024-23334-pypi-jammy-V2-b2,mistral_small_24b,withheld,CVE-2024-23334,pypi,V2
D7-CVE-2024-23334-pypi-jammy-V2-b2,mistral_small_24b,blind,CVE-2024-23334,pypi,V2
D7-CVE-2024-45231-pypi-jammy-V2-b2,mistral_small_24b,tracker,CVE-2024-45231,pypi,V2
D7-CVE-2024-45231-pypi-jammy-V2-b2,mistral_small_24b,withheld,CVE-2024-45231,pypi,V2
D7-CVE-2024-45231-pypi-jammy-V2-b2,mistral_small_24b,blind,CVE-2024-45231,pypi,V2
D7-CVE-2026-59998-deb-ubuntu-jammy-V2,mistral_small_24b,tracker,CVE-2026-59998,deb-ubuntu,V2
D7-CVE-2026-59998-deb-ubuntu-jammy-V2,mistral_small_24b,withheld,CVE-2026-59998,deb-ubuntu,V2
D7-CVE-2026-59998-deb-ubuntu-jammy-V2,mistral_small_24b,blind,CVE-2026-59998,deb-ubuntu,V2
D7-CVE-2022-22963-maven-noble-V1,mistral_small_24b,tracker,CVE-2022-22963,maven,V1
D7-CVE-2022-22963-maven-noble-V1,mistral_small_24b,withheld,CVE-2022-22963,maven,V1
D7-CVE-2022-22963-maven-noble-V1,mistral_small_24b,blind,CVE-2022-22963,maven,V1
D7-CVE-2026-6907-pypi-noble-V2-b2,mistral_small_24b,tracker,CVE-2026-6907,pypi,V2
D7-CVE-2026-6907-pypi-noble-V2-b2,mistral_small_24b,withheld,CVE-2026-6907,pypi,V2
D7-CVE-2026-6907-pypi-noble-V2-b2,mistral_small_24b,blind,CVE-2026-6907,pypi,V2
D7-CVE-2024-22195-pypi-noble-V6,mistral_small_24b,tracker,CVE-2024-22195,pypi,V6
D7-CVE-2024-22195-pypi-noble-V6,mistral_small_24b,withheld,CVE-2024-22195,pypi,V6
D7-CVE-2024-22195-pypi-noble-V6,mistral_small_24b,blind,CVE-2024-22195,pypi,V6
D7-CVE-2025-23419-deb-ubuntu-jammy-V2,mistral_small_24b,tracker,CVE-2025-23419,deb-ubuntu,V2
D7-CVE-2025-23419-deb-ubuntu-jammy-V2,mistral_small_24b,withheld,CVE-2025-23419,deb-ubuntu,V2
D7-CVE-2025-23419-deb-ubuntu-jammy-V2,mistral_small_24b,blind,CVE-2025-23419,deb-ubuntu,V2
D7-CVE-2021-45105-maven-jammy-V5,mistral_small_24b,tracker,CVE-2021-45105,maven,V5
D7-CVE-2021-45105-maven-jammy-V5,mistral_small_24b,withheld,CVE-2021-45105,maven,V5
D7-CVE-2021-45105-maven-jammy-V5,mistral_small_24b,blind,CVE-2021-45105,maven,V5
D7-CVE-2024-23334-pypi-noble-V5,mistral_small_24b,tracker,CVE-2024-23334,pypi,V5
D7-CVE-2024-23334-pypi-noble-V5,mistral_small_24b,withheld,CVE-2024-23334,pypi,V5
D7-CVE-2024-23334-pypi-noble-V5,mistral_small_24b,blind,CVE-2024-23334,pypi,V5
D7-CVE-2025-32463-deb-ubuntu-noble-V1,mistral_small_24b,tracker,CVE-2025-32463,deb-ubuntu,V1
D7-CVE-2025-32463-deb-ubuntu-noble-V1,mistral_small_24b,withheld,CVE-2025-32463,deb-ubuntu,V1
D7-CVE-2025-32463-deb-ubuntu-noble-V1,mistral_small_24b,blind,CVE-2025-32463,deb-ubuntu,V1
D7-CVE-2025-49630-deb-ubuntu-noble-V5,mistral_small_24b,tracker,CVE-2025-49630,deb-ubuntu,V5
D7-CVE-2025-49630-deb-ubuntu-noble-V5,mistral_small_24b,withheld,CVE-2025-49630,deb-ubuntu,V5
D7-CVE-2025-49630-deb-ubuntu-noble-V5,mistral_small_24b,blind,CVE-2025-49630,deb-ubuntu,V5
D7-CVE-2026-59846-deb-ubuntu-jammy-V4,mistral_small_24b,tracker,CVE-2026-59846,deb-ubuntu,V4
D7-CVE-2026-59846-deb-ubuntu-jammy-V4,mistral_small_24b,withheld,CVE-2026-59846,deb-ubuntu,V4
D7-CVE-2026-59846-deb-ubuntu-jammy-V4,mistral_small_24b,blind,CVE-2026-59846,deb-ubuntu,V4
D7-CVE-2026-59846-deb-ubuntu-jammy-V6,mistral_small_24b,tracker,CVE-2026-59846,deb-ubuntu,V6
D7-CVE-2026-59846-deb-ubuntu-jammy-V6,mistral_small_24b,withheld,CVE-2026-59846,deb-ubuntu,V6
D7-CVE-2026-59846-deb-ubuntu-jammy-V6,mistral_small_24b,blind,CVE-2026-59846,deb-ubuntu,V6
D7-CVE-2021-40438-vendor-noble-V8,mistral_small_24b,tracker,CVE-2021-40438,vendor,V8
D7-CVE-2021-40438-vendor-noble-V8,mistral_small_24b,withheld,CVE-2021-40438,vendor,V8
D7-CVE-2021-40438-vendor-noble-V8,mistral_small_24b,blind,CVE-2021-40438,vendor,V8
D7-CVE-2026-65183-vendor-jammy-V4,mistral_small_24b,tracker,CVE-2026-65183,vendor,V4
D7-CVE-2026-65183-vendor-jammy-V4,mistral_small_24b,withheld,CVE-2026-65183,vendor,V4
D7-CVE-2026-65183-vendor-jammy-V4,mistral_small_24b,blind,CVE-2026-65183,vendor,V4
D7-CVE-2023-48795-deb-ubuntu-jammy-V4,qwen3_14b,tracker,CVE-2023-48795,deb-ubuntu,V4
D7-CVE-2023-48795-deb-ubuntu-jammy-V4,qwen3_14b,withheld,CVE-2023-48795,deb-ubuntu,V4
D7-CVE-2023-48795-deb-ubuntu-jammy-V4,qwen3_14b,blind,CVE-2023-48795,deb-ubuntu,V4
D7-CVE-2026-29167-vendor-jammy-V1,qwen3_14b,tracker,CVE-2026-29167,vendor,V1
D7-CVE-2026-29167-vendor-jammy-V1,qwen3_14b,withheld,CVE-2026-29167,vendor,V1
D7-CVE-2026-29167-vendor-jammy-V1,qwen3_14b,blind,CVE-2026-29167,vendor,V1
D7-CVE-2026-9828-maven-jammy-V1,qwen3_14b,tracker,CVE-2026-9828,maven,V1
D7-CVE-2026-9828-maven-jammy-V1,qwen3_14b,withheld,CVE-2026-9828,maven,V1
D7-CVE-2026-9828-maven-jammy-V1,qwen3_14b,blind,CVE-2026-9828,maven,V1
D7-CVE-2026-24072-deb-ubuntu-jammy-V2,qwen3_14b,tracker,CVE-2026-24072,deb-ubuntu,V2
D7-CVE-2026-24072-deb-ubuntu-jammy-V2,qwen3_14b,withheld,CVE-2026-24072,deb-ubuntu,V2
D7-CVE-2026-24072-deb-ubuntu-jammy-V2,qwen3_14b,blind,CVE-2026-24072,deb-ubuntu,V2
D7-CVE-2026-55276-vendor-jammy-V6,qwen3_14b,tracker,CVE-2026-55276,vendor,V6
D7-CVE-2026-55276-vendor-jammy-V6,qwen3_14b,withheld,CVE-2026-55276,vendor,V6
D7-CVE-2026-55276-vendor-jammy-V6,qwen3_14b,blind,CVE-2026-55276,vendor,V6
D7-CVE-2023-43770-vendor-noble-V8,qwen3_14b,tracker,CVE-2023-43770,vendor,V8
D7-CVE-2023-43770-vendor-noble-V8,qwen3_14b,withheld,CVE-2023-43770,vendor,V8
D7-CVE-2023-43770-vendor-noble-V8,qwen3_14b,blind,CVE-2023-43770,vendor,V8
D7-CVE-2025-48384-deb-ubuntu-noble-V6,qwen3_14b,tracker,CVE-2025-48384,deb-ubuntu,V6
D7-CVE-2025-48384-deb-ubuntu-noble-V6,qwen3_14b,withheld,CVE-2025-48384,deb-ubuntu,V6
D7-CVE-2025-48384-deb-ubuntu-noble-V6,qwen3_14b,blind,CVE-2025-48384,deb-ubuntu,V6
D7-CVE-2026-12969-deb-ubuntu-noble-V4,qwen3_14b,tracker,CVE-2026-12969,deb-ubuntu,V4
D7-CVE-2026-12969-deb-ubuntu-noble-V4,qwen3_14b,withheld,CVE-2026-12969,deb-ubuntu,V4
D7-CVE-2026-12969-deb-ubuntu-noble-V4,qwen3_14b,blind,CVE-2026-12969,deb-ubuntu,V4
D7-CVE-2024-22195-pypi-jammy-V2,qwen3_14b,tracker,CVE-2024-22195,pypi,V2
D7-CVE-2024-22195-pypi-jammy-V2,qwen3_14b,withheld,CVE-2024-22195,pypi,V2
D7-CVE-2024-22195-pypi-jammy-V2,qwen3_14b,blind,CVE-2024-22195,pypi,V2
D7-CVE-2026-64849-pypi-jammy-V2,qwen3_14b,tracker,CVE-2026-64849,pypi,V2
D7-CVE-2026-64849-pypi-jammy-V2,qwen3_14b,withheld,CVE-2026-64849,pypi,V2
D7-CVE-2026-64849-pypi-jammy-V2,qwen3_14b,blind,CVE-2026-64849,pypi,V2
D7-CVE-2026-65183-vendor-jammy-V1,qwen3_14b,tracker,CVE-2026-65183,vendor,V1
D7-CVE-2026-65183-vendor-jammy-V1,qwen3_14b,withheld,CVE-2026-65183,vendor,V1
D7-CVE-2026-65183-vendor-jammy-V1,qwen3_14b,blind,CVE-2026-65183,vendor,V1
D7-CVE-2026-43617-deb-ubuntu-jammy-V6,qwen3_14b,tracker,CVE-2026-43617,deb-ubuntu,V6
D7-CVE-2026-43617-deb-ubuntu-jammy-V6,qwen3_14b,withheld,CVE-2026-43617,deb-ubuntu,V6
D7-CVE-2026-43617-deb-ubuntu-jammy-V6,qwen3_14b,blind,CVE-2026-43617,deb-ubuntu,V6
D7-CVE-2026-64849-pypi-jammy-V1,qwen3_14b,tracker,CVE-2026-64849,pypi,V1
D7-CVE-2026-64849-pypi-jammy-V1,qwen3_14b,withheld,CVE-2026-64849,pypi,V1
D7-CVE-2026-64849-pypi-jammy-V1,qwen3_14b,blind,CVE-2026-64849,pypi,V1
D7-CVE-2024-33599-deb-ubuntu-noble-V4,qwen3_14b,tracker,CVE-2024-33599,deb-ubuntu,V4
D7-CVE-2024-33599-deb-ubuntu-noble-V4,qwen3_14b,withheld,CVE-2024-33599,deb-ubuntu,V4
D7-CVE-2024-33599-deb-ubuntu-noble-V4,qwen3_14b,blind,CVE-2024-33599,deb-ubuntu,V4
D7-CVE-2021-4104-maven-noble-V5,qwen3_14b,tracker,CVE-2021-4104,maven,V5
D7-CVE-2021-4104-maven-noble-V5,qwen3_14b,withheld,CVE-2021-4104,maven,V5
D7-CVE-2021-4104-maven-noble-V5,qwen3_14b,blind,CVE-2021-4104,maven,V5
D7-CVE-2023-25690-deb-ubuntu-jammy-V2,qwen3_14b,tracker,CVE-2023-25690,deb-ubuntu,V2
D7-CVE-2023-25690-deb-ubuntu-jammy-V2,qwen3_14b,withheld,CVE-2023-25690,deb-ubuntu,V2
D7-CVE-2023-25690-deb-ubuntu-jammy-V2,qwen3_14b,blind,CVE-2023-25690,deb-ubuntu,V2
D7-CVE-2020-1747-pypi-noble-V1,qwen3_14b,tracker,CVE-2020-1747,pypi,V1
D7-CVE-2020-1747-pypi-noble-V1,qwen3_14b,withheld,CVE-2020-1747,pypi,V1
D7-CVE-2020-1747-pypi-noble-V1,qwen3_14b,blind,CVE-2020-1747,pypi,V1
D7-CVE-2024-56171-deb-ubuntu-noble-V6,qwen3_14b,tracker,CVE-2024-56171,deb-ubuntu,V6
D7-CVE-2024-56171-deb-ubuntu-noble-V6,qwen3_14b,withheld,CVE-2024-56171,deb-ubuntu,V6
D7-CVE-2024-56171-deb-ubuntu-noble-V6,qwen3_14b,blind,CVE-2024-56171,deb-ubuntu,V6
D7-CVE-2024-45231-pypi-noble-V3,qwen3_14b,tracker,CVE-2024-45231,pypi,V3
D7-CVE-2024-45231-pypi-noble-V3,qwen3_14b,withheld,CVE-2024-45231,pypi,V3
D7-CVE-2024-45231-pypi-noble-V3,qwen3_14b,blind,CVE-2024-45231,pypi,V3
D7-CVE-2023-46604-maven-jammy-V2-b2,qwen3_14b,tracker,CVE-2023-46604,maven,V2
D7-CVE-2023-46604-maven-jammy-V2-b2,qwen3_14b,withheld,CVE-2023-46604,maven,V2
D7-CVE-2023-46604-maven-jammy-V2-b2,qwen3_14b,blind,CVE-2023-46604,maven,V2
D7-CVE-2024-7347-deb-ubuntu-noble-V1,qwen3_14b,tracker,CVE-2024-7347,deb-ubuntu,V1
D7-CVE-2024-7347-deb-ubuntu-noble-V1,qwen3_14b,withheld,CVE-2024-7347,deb-ubuntu,V1
D7-CVE-2024-7347-deb-ubuntu-noble-V1,qwen3_14b,blind,CVE-2024-7347,deb-ubuntu,V1
D7-CVE-2022-22963-maven-noble-V6,qwen3_4b,tracker,CVE-2022-22963,maven,V6
D7-CVE-2022-22963-maven-noble-V6,qwen3_4b,withheld,CVE-2022-22963,maven,V6
D7-CVE-2022-22963-maven-noble-V6,qwen3_4b,blind,CVE-2022-22963,maven,V6
D7-CVE-2023-43770-vendor-jammy-V8-b2,qwen3_4b,tracker,CVE-2023-43770,vendor,V8
D7-CVE-2023-43770-vendor-jammy-V8-b2,qwen3_4b,withheld,CVE-2023-43770,vendor,V8
D7-CVE-2023-43770-vendor-jammy-V8-b2,qwen3_4b,blind,CVE-2023-43770,vendor,V8
D7-CVE-2026-24072-deb-ubuntu-jammy-V4,qwen3_4b,tracker,CVE-2026-24072,deb-ubuntu,V4
D7-CVE-2026-24072-deb-ubuntu-jammy-V4,qwen3_4b,withheld,CVE-2026-24072,deb-ubuntu,V4
D7-CVE-2026-24072-deb-ubuntu-jammy-V4,qwen3_4b,blind,CVE-2026-24072,deb-ubuntu,V4
D7-CVE-2024-7347-deb-ubuntu-jammy-V2,qwen3_4b,tracker,CVE-2024-7347,deb-ubuntu,V2
D7-CVE-2024-7347-deb-ubuntu-jammy-V2,qwen3_4b,withheld,CVE-2024-7347,deb-ubuntu,V2
D7-CVE-2024-7347-deb-ubuntu-jammy-V2,qwen3_4b,blind,CVE-2024-7347,deb-ubuntu,V2
D7-CVE-2026-42198-maven-jammy-V7,qwen3_4b,tracker,CVE-2026-42198,maven,V7
D7-CVE-2026-42198-maven-jammy-V7,qwen3_4b,withheld,CVE-2026-42198,maven,V7
D7-CVE-2026-42198-maven-jammy-V7,qwen3_4b,blind,CVE-2026-42198,maven,V7
D7-CVE-2023-25690-deb-ubuntu-jammy-V4,qwen3_4b,tracker,CVE-2023-25690,deb-ubuntu,V4
D7-CVE-2023-25690-deb-ubuntu-jammy-V4,qwen3_4b,withheld,CVE-2023-25690,deb-ubuntu,V4
D7-CVE-2023-25690-deb-ubuntu-jammy-V4,qwen3_4b,blind,CVE-2023-25690,deb-ubuntu,V4
D7-CVE-2020-9484-vendor-noble-V1,qwen3_4b,tracker,CVE-2020-9484,vendor,V1
D7-CVE-2020-9484-vendor-noble-V1,qwen3_4b,withheld,CVE-2020-9484,vendor,V1
D7-CVE-2020-9484-vendor-noble-V1,qwen3_4b,blind,CVE-2020-9484,vendor,V1
D7-CVE-2026-24072-deb-ubuntu-noble-V2,qwen3_4b,tracker,CVE-2026-24072,deb-ubuntu,V2
D7-CVE-2026-24072-deb-ubuntu-noble-V2,qwen3_4b,withheld,CVE-2026-24072,deb-ubuntu,V2
D7-CVE-2026-24072-deb-ubuntu-noble-V2,qwen3_4b,blind,CVE-2026-24072,deb-ubuntu,V2
D7-CVE-2026-55956-vendor-noble-V3,qwen3_4b,tracker,CVE-2026-55956,vendor,V3
D7-CVE-2026-55956-vendor-noble-V3,qwen3_4b,withheld,CVE-2026-55956,vendor,V3
D7-CVE-2026-55956-vendor-noble-V3,qwen3_4b,blind,CVE-2026-55956,vendor,V3
D7-CVE-2021-45046-maven-jammy-V1,qwen3_4b,tracker,CVE-2021-45046,maven,V1
D7-CVE-2021-45046-maven-jammy-V1,qwen3_4b,withheld,CVE-2021-45046,maven,V1
D7-CVE-2021-45046-maven-jammy-V1,qwen3_4b,blind,CVE-2021-45046,maven,V1
D7-CVE-2026-45409-pypi-noble-V7,qwen3_4b,tracker,CVE-2026-45409,pypi,V7
D7-CVE-2026-45409-pypi-noble-V7,qwen3_4b,withheld,CVE-2026-45409,pypi,V7
D7-CVE-2026-45409-pypi-noble-V7,qwen3_4b,blind,CVE-2026-45409,pypi,V7
D7-CVE-2026-40110-pypi-jammy-V6,qwen3_4b,tracker,CVE-2026-40110,pypi,V6
D7-CVE-2026-40110-pypi-jammy-V6,qwen3_4b,withheld,CVE-2026-40110,pypi,V6
D7-CVE-2026-40110-pypi-jammy-V6,qwen3_4b,blind,CVE-2026-40110,pypi,V6
D7-CVE-2026-8404-pypi-jammy-V2,qwen3_4b,tracker,CVE-2026-8404,pypi,V2
D7-CVE-2026-8404-pypi-jammy-V2,qwen3_4b,withheld,CVE-2026-8404,pypi,V2
D7-CVE-2026-8404-pypi-jammy-V2,qwen3_4b,blind,CVE-2026-8404,pypi,V2
D7-CVE-2026-55276-vendor-jammy-V3,qwen3_4b,tracker,CVE-2026-55276,vendor,V3
D7-CVE-2026-55276-vendor-jammy-V3,qwen3_4b,withheld,CVE-2026-55276,vendor,V3
D7-CVE-2026-55276-vendor-jammy-V3,qwen3_4b,blind,CVE-2026-55276,vendor,V3
D7-CVE-2025-49113-vendor-noble-V1,qwen3_4b,tracker,CVE-2025-49113,vendor,V1
D7-CVE-2025-49113-vendor-noble-V1,qwen3_4b,withheld,CVE-2025-49113,vendor,V1
D7-CVE-2025-49113-vendor-noble-V1,qwen3_4b,blind,CVE-2025-49113,vendor,V1
D7-CVE-2021-45046-maven-jammy-V2,qwen3_4b,tracker,CVE-2021-45046,maven,V2
D7-CVE-2021-45046-maven-jammy-V2,qwen3_4b,withheld,CVE-2021-45046,maven,V2
D7-CVE-2021-45046-maven-jammy-V2,qwen3_4b,blind,CVE-2021-45046,maven,V2
D7-CVE-2021-44228-maven-jammy-V2,qwen3_4b,tracker,CVE-2021-44228,maven,V2
D7-CVE-2021-44228-maven-jammy-V2,qwen3_4b,withheld,CVE-2021-44228,maven,V2
D7-CVE-2021-44228-maven-jammy-V2,qwen3_4b,blind,CVE-2021-44228,maven,V2
D7-CVE-2026-42533-deb-ubuntu-jammy-V1,qwen3_4b,tracker,CVE-2026-42533,deb-ubuntu,V1
D7-CVE-2026-42533-deb-ubuntu-jammy-V1,qwen3_4b,withheld,CVE-2026-42533,deb-ubuntu,V1
D7-CVE-2026-42533-deb-ubuntu-jammy-V1,qwen3_4b,blind,CVE-2026-42533,deb-ubuntu,V1
D7-CVE-2024-22195-pypi-jammy-V2-b2,qwen3_4b,tracker,CVE-2024-22195,pypi,V2
D7-CVE-2024-22195-pypi-jammy-V2-b2,qwen3_4b,withheld,CVE-2024-22195,pypi,V2
D7-CVE-2024-22195-pypi-jammy-V2-b2,qwen3_4b,blind,CVE-2024-22195,pypi,V2
D7-CVE-2026-84645-vendor-jammy-V3,qwen3_4b,tracker,CVE-2026-84645,vendor,V3
D7-CVE-2026-84645-vendor-jammy-V3,qwen3_4b,withheld,CVE-2026-84645,vendor,V3
D7-CVE-2026-84645-vendor-jammy-V3,qwen3_4b,blind,CVE-2026-84645,vendor,V3
D7-CVE-2025-48384-deb-ubuntu-jammy-V1,qwen3_4b,tracker,CVE-2025-48384,deb-ubuntu,V1
D7-CVE-2025-48384-deb-ubuntu-jammy-V1,qwen3_4b,withheld,CVE-2025-48384,deb-ubuntu,V1
D7-CVE-2025-48384-deb-ubuntu-jammy-V1,qwen3_4b,blind,CVE-2025-48384,deb-ubuntu,V1
