what,scheme,pair,n_items,kappa,pct_agree
claim_label,3-class,fleiss(5),7119,0.6129474953767239,0.8155639837055766
claim_label,3-class,gemma_4_31b~mistral_small_24b,7119,0.5823365893202583,0.8968956314089057
claim_label,3-class,gemma_4_31b~qwen3_14b,7119,0.6254361962553061,0.9034976822587442
claim_label,3-class,gemma_4_31b~granite_41_30b,7119,0.6360780745429239,0.9158589689563141
claim_label,3-class,gemma_4_31b~nemotron_super_49b,7119,0.598352634096422,0.8883270122208176
claim_label,3-class,mistral_small_24b~qwen3_14b,7119,0.598729395694009,0.9089759797724399
claim_label,3-class,mistral_small_24b~granite_41_30b,7119,0.6418523465430468,0.9289226014889732
claim_label,3-class,mistral_small_24b~nemotron_super_49b,7119,0.5914330689486959,0.8983003230790841
claim_label,3-class,qwen3_14b~granite_41_30b,7119,0.64375339468029,0.9249894648124737
claim_label,3-class,qwen3_14b~nemotron_super_49b,7119,0.6278550411155703,0.9033572130917263
claim_label,3-class,granite_41_30b~nemotron_super_49b,7119,0.59738635654684,0.9060261272650654
claim_label,binary,fleiss(5),7119,0.6396183865696364,0.8252563562298075
claim_label,binary,gemma_4_31b~mistral_small_24b,7119,0.6004864668807368,0.9047619047619048
claim_label,binary,gemma_4_31b~qwen3_14b,7119,0.6649630942099313,0.916842253125439
claim_label,binary,gemma_4_31b~granite_41_30b,7119,0.6554223446311529,0.9226014889731704
claim_label,binary,gemma_4_31b~nemotron_super_49b,7119,0.6334057028265536,0.9022334597555837
claim_label,binary,mistral_small_24b~qwen3_14b,7119,0.6301265690340838,0.9188088214636887
claim_label,binary,mistral_small_24b~granite_41_30b,7119,0.6605244850465057,0.9344008990026689
claim_label,binary,mistral_small_24b~nemotron_super_49b,7119,0.605681719752164,0.9053237814299762
claim_label,binary,qwen3_14b~granite_41_30b,7119,0.6700102777299949,0.9324343306644192
claim_label,binary,qwen3_14b~nemotron_super_49b,7119,0.666053161271736,0.9165613147914032
claim_label,binary,granite_41_30b~nemotron_super_49b,7119,0.6197074622511064,0.9138924006180643
asserted_status,5-class,fleiss(5),1800,0.9120847971277611,0.8972222222222223
asserted_status,5-class,gemma_4_31b~mistral_small_24b,1800,0.8921048351871878,0.9322222222222222
asserted_status,5-class,gemma_4_31b~qwen3_14b,1800,0.8836948315615499,0.9261111111111111
asserted_status,5-class,gemma_4_31b~granite_41_30b,1800,0.9127788738881387,0.945
asserted_status,5-class,gemma_4_31b~nemotron_super_49b,1800,0.8659535394967895,0.9166666666666666
asserted_status,5-class,mistral_small_24b~qwen3_14b,1800,0.9391074162092673,0.9622222222222222
asserted_status,5-class,mistral_small_24b~granite_41_30b,1800,0.9288660691149678,0.9561111111111111
asserted_status,5-class,mistral_small_24b~nemotron_super_49b,1800,0.9450382518499973,0.9666666666666667
asserted_status,5-class,qwen3_14b~granite_41_30b,1800,0.9100897766932723,0.9438888888888889
asserted_status,5-class,qwen3_14b~nemotron_super_49b,1800,0.9266786957859864,0.955
asserted_status,5-class,granite_41_30b~nemotron_super_49b,1800,0.9189491929828822,0.9505555555555556
asserted_status,binary,fleiss(5),1800,0.9838384628047859,0.9905555555555555
asserted_status,binary,gemma_4_31b~mistral_small_24b,1800,0.9793729372937295,0.9938888888888889
asserted_status,binary,gemma_4_31b~qwen3_14b,1800,0.9868421052631577,0.9961111111111111
asserted_status,binary,gemma_4_31b~granite_41_30b,1800,0.9812255932712527,0.9944444444444445
asserted_status,binary,gemma_4_31b~nemotron_super_49b,1800,0.9867784829253549,0.9961111111111111
asserted_status,binary,mistral_small_24b~qwen3_14b,1800,0.9850163883252692,0.9955555555555555
asserted_status,binary,mistral_small_24b~granite_41_30b,1800,0.9831635134629535,0.995
asserted_status,binary,mistral_small_24b~nemotron_super_49b,1800,0.9849445772249091,0.9955555555555555
asserted_status,binary,qwen3_14b~granite_41_30b,1800,0.9868736326700697,0.9961111111111111
asserted_status,binary,qwen3_14b~nemotron_super_49b,1800,0.984908033328093,0.9955555555555555
asserted_status,binary,granite_41_30b~nemotron_super_49b,1800,0.9792737002097754,0.9938888888888889
claim_label,3-class,fleiss(3):gemma_4_31b+granite_41_30b+nemotron_super_49b,7121,0.6085333055176539,0.8595702850723212
claim_label,binary,fleiss(3):gemma_4_31b+granite_41_30b+nemotron_super_49b,7121,0.6347798489815061,0.8692599354023312
asserted_status,5-class,fleiss(3):gemma_4_31b+granite_41_30b+nemotron_super_49b,1800,0.8991022242840582,0.91
asserted_status,binary,fleiss(3):gemma_4_31b+granite_41_30b+nemotron_super_49b,1800,0.9824208899354708,0.9922222222222222
