model,arm,n_dc_episodes,empty_explanation,with_call_id_citation,share_with_citation,cited_call_ids,cited_ids_existing,share_cited_ids_existing,other_bracket_tokens,other_bracket_tokens_naming_a_source_or_group,explanation_unterminated,single_llm_call_episodes,explain_call_hit_max_tokens
gemma4_31b,tracker,453.0,0.0,453.0,1.0,455.0,455.0,1.0,1.0,1.0,0.0,442.0,0.0
gemma4_31b,withheld,453.0,0.0,453.0,1.0,839.0,839.0,1.0,27.0,1.0,0.0,0.0,0.0
granite41_8b,tracker,453.0,0.0,453.0,1.0,469.0,437.0,0.9317697228144989,0.0,0.0,0.0,442.0,0.0
granite41_8b,withheld,453.0,0.0,453.0,1.0,925.0,925.0,1.0,7.0,2.0,0.0,0.0,0.0
llama31_8b,tracker,453.0,0.0,277.0,0.6114790286975718,280.0,278.0,0.9928571428571429,2.0,2.0,0.0,442.0,0.0
llama31_8b,withheld,453.0,0.0,234.0,0.5165562913907285,381.0,381.0,1.0,11.0,3.0,0.0,0.0,0.0
mistral_small_24b,tracker,453.0,0.0,453.0,1.0,455.0,455.0,1.0,0.0,0.0,0.0,442.0,0.0
mistral_small_24b,withheld,453.0,0.0,453.0,1.0,897.0,897.0,1.0,0.0,0.0,0.0,0.0,0.0
qwen3_14b,tracker,453.0,0.0,453.0,1.0,455.0,455.0,1.0,0.0,0.0,0.0,442.0,0.0
qwen3_14b,withheld,453.0,0.0,453.0,1.0,844.0,844.0,1.0,24.0,0.0,0.0,0.0,0.0
qwen3_4b,tracker,453.0,0.0,407.0,0.8984547461368654,409.0,408.0,0.9975550122249389,1.0,0.0,0.0,442.0,0.0
qwen3_4b,withheld,453.0,0.0,311.0,0.6865342163355408,469.0,469.0,1.0,4.0,0.0,0.0,0.0,0.0
ALL,ALL,5436.0,0.0,4853.0,0.8927520235467256,6878.0,6843.0,0.9949113114277406,77.0,9.0,0.0,2652.0,0.0
