system,arm,correct,n_episodes,n_cves,n_no_claim,n_claims,faithfulness,faithfulness_lo,faithfulness_hi,hallucination,hallucination_lo,hallucination_hi,contradicted,contradicted_lo,contradicted_hi,not_in_evidence,not_in_evidence_lo,not_in_evidence_hi,consistency,consistency_lo,consistency_hi,asserted_none,consistency_coarse,consistency_coarse_lo,consistency_coarse_hi,share_claims_cited,n_cited_claims,cite_id_exist,citation_validity,citation_validity_lo,citation_validity_hi,citation_contradicted,citation_contradicted_lo,citation_contradicted_hi,faithfulness_nostate,faithfulness_nostate_lo,faithfulness_nostate_hi,claims_per_episode,chars_mean,chars_lo,chars_hi,words_mean
DC,tracker,True,180,83,0,697,0.9201339072214251,0.8955227014237623,0.9426467435852246,0.07986609277857486,0.05735325641477552,0.10447729857623766,0.05619320899091342,0.03600879182984685,0.07791285221733443,0.023672883787661407,0.011700458706027324,0.03860725783543224,0.9527777777777777,0.921783557300317,0.9793822013341419,0.025,0.9527777777777777,0.921783557300317,0.9793822013341419,0.5050215208034433,352,0.9886363636363636,0.2140151515151515,0.1653933139145574,0.26809711970474964,0.007102272727272727,0.0020384261453947183,0.013761580651854257,0.8127690100430416,0.7808050117718871,0.8443268191686292,3.8722222222222222,346.3388888888889,330.76820652173916,362.19257384987895,51.76111111111111
DC,withheld,False,59,47,0,279,0.7007168458781362,0.6574980403684106,0.7426500141857387,0.2992831541218638,0.25734998581426144,0.3425019596315892,0.17562724014336914,0.14522647801362376,0.20848855461085675,0.12365591397849462,0.0939713337141225,0.15324050197696404,1.0,1.0,1.0,0.0,1.0,1.0,1.0,0.2616487455197133,73,1.0,0.45433789954337894,0.3627417859035506,0.5443271549125979,0.03881278538812786,0.013513513513513514,0.06763285024154589,0.5382317801672641,0.4861111111111111,0.5899462550028587,4.728813559322034,382.52542372881356,360.32702367036825,405.1252592165898,58.45762711864407
DC,withheld,True,121,71,0,448,0.8452380952380951,0.8102832921732522,0.8813149350649349,0.15476190476190474,0.11868506493506492,0.1897167078267477,0.11681547619047618,0.09164046221736953,0.13940045787192448,0.03794642857142856,0.01983991085018482,0.05794401569739205,1.0,1.0,1.0,0.0,1.0,1.0,1.0,0.3950892857142857,177,1.0,0.5734463276836158,0.47805710844468685,0.6763753426404027,0.2598870056497175,0.18668360173824128,0.33593107914954434,0.6569940476190476,0.5966388466451293,0.7210240199448833,3.7024793388429753,345.9917355371901,328.4726719740833,361.54061974789914,51.256198347107436
S2,tracker,False,49,40,0,301,0.6926910299003323,0.6328705034822056,0.7503019834258792,0.3073089700996678,0.24969801657412077,0.3671294965177943,0.28848283499446287,0.2307193514749485,0.34586907679738554,0.01882613510520487,0.002423373520147714,0.04369762902304322,0.42176870748299317,0.2924331761006289,0.5659895833333333,0.14625850340136054,0.8061224489795918,0.7056658434650456,0.898550724637681,0.0,0,,,,,,,,,,,6.142857142857143,393.42857142857144,338.06277752081405,453.46154347826086,57.95918367346939
S2,tracker,True,131,75,0,691,0.9273999035214664,0.8994914678058488,0.9509107477368571,0.07260009647853354,0.049089252263142834,0.10050853219415117,0.05885190545103715,0.03658430269670872,0.08658034494919932,0.013748191027496382,0.0059512819160160366,0.022560290650902166,0.8447837150127225,0.7840909090909091,0.8979399668619444,0.011450381679389313,0.9580152671755725,0.9222222222222223,0.9859179552841525,0.03907380607814761,27,1.0,0.9259259259259259,0.8148148148148148,1.0,0.018518518518518517,0.0,0.0625,,,,5.2748091603053435,348.0,325.78207317073173,372.2141386035007,51.603053435114504
S2,withheld,False,78,55,1,506,0.753623188405797,0.713569453413475,0.7928672970714338,0.24637681159420288,0.20713270292856623,0.2864305465865249,0.1999341238471673,0.16062281372084283,0.23908598105600248,0.046442687747035576,0.028282438926712058,0.06930366718213403,0.6431623931623931,0.5376934523809523,0.7510555372897145,0.049145299145299144,0.9252136752136753,0.8725459937061243,0.9683572813319649,0.0,0,,,,,,,,,,,6.487179487179487,448.34615384615387,410.2132291666667,487.00384615384615,66.3974358974359
S2,withheld,True,102,66,0,472,0.8979519774011299,0.863052020217021,0.9301649418114626,0.10204802259887005,0.06983505818853736,0.13694797978297887,0.0826271186440678,0.054550310245722225,0.11272348598849652,0.019420903954802258,0.009176673557977173,0.031473376212324926,0.8349673202614378,0.7746913580246912,0.8934707903780068,0.00326797385620915,0.9313725490196079,0.8867924528301887,0.9705882352941176,0.05508474576271186,26,1.0,0.9615384615384616,0.918918918918919,1.0,0.0,0.0,0.0,,,,4.627450980392157,310.62745098039215,291.0502424242424,330.7500644329897,46.568627450980394
S3,tracker,False,38,32,2,127,0.7244094488188977,0.6614573080708662,0.7876515775841769,0.2755905511811024,0.2123484224158229,0.3385426919291339,0.22440944881889763,0.16797849396732384,0.28992253151260494,0.051181102362204724,0.014015446521287642,0.08905084085087421,0.7763157894736842,0.6708333333333333,0.8703819444444444,0.09649122807017543,0.8903508771929823,0.8153028028028027,0.952414021164021,0.0,0,,,,,,,,,,,3.3421052631578947,185.10526315789474,143.88080357142857,235.4582142857143,26.736842105263158
S3,tracker,True,142,77,0,493,0.9665314401622718,0.9478927304326441,0.9815692377352546,0.033468559837728194,0.018430762264745253,0.05210726956735585,0.025016903313049354,0.012751657188572688,0.04084433064903401,0.008451656524678835,0.0017289073305670815,0.017309492091329124,0.971830985915493,0.9455726552916249,0.9911742782603709,0.004694835680751174,0.9812206572769951,0.9573934837092731,0.9977777777777778,0.0,0,,,,,,,,,,,3.471830985915493,191.18309859154928,171.04430069930072,213.89217300556587,28.04225352112676
S3,withheld,False,78,56,10,287,0.7549361207897793,0.6970746669078193,0.8129159183597111,0.24506387921022066,0.18708408164028886,0.30292533309218056,0.11556329849012775,0.07474686166546632,0.161523599271124,0.1295005807200929,0.08241251198465963,0.17678611647361644,0.717948717948718,0.6169092039800995,0.8095708020050122,0.1581196581196581,0.7692307692307692,0.6755555555555556,0.8565413109606514,0.0,0,,,,,,,,,,,3.6794871794871793,237.2051282051282,193.3350625,288.07137552742614,34.51282051282051
S3,withheld,True,102,64,0,318,0.8579664570230607,0.8237906247433686,0.8935530778667821,0.1420335429769392,0.10644692213321787,0.1762093752566313,0.06027253668763102,0.03374472573839663,0.09282699805068222,0.08176100628930817,0.052083333333333336,0.1107604593807571,0.9313725490196079,0.8818024302430243,0.9716981132075472,0.0065359477124183,0.9313725490196079,0.8818024302430243,0.9716981132075472,0.0,0,,,,,,,,,,,3.1176470588235294,173.01960784313727,153.20481692677072,194.2350394736842,25.813725490196077
S4,tracker,False,43,37,0,153,0.7516339869281045,0.7045883410483996,0.8059075199866754,0.24836601307189538,0.19409248001332444,0.2954116589516003,0.20479302832244006,0.1536316802536232,0.2583375850340136,0.04357298474945534,0.011111111111111112,0.0797298629596765,0.6589147286821704,0.5333333333333334,0.7805408271474017,0.12015503875968991,0.8100775193798448,0.7093023255813954,0.8992441860465115,0.013071895424836602,2,1.0,0.16666666666666666,,,0.0,,,,,,3.558139534883721,181.53488372093022,148.20209139264992,217.56547619047618,26.186046511627907
S4,tracker,True,137,77,0,422,0.9782780410742495,0.9648439722364454,0.9887479608701717,0.021721958925750393,0.011252039129828176,0.03515602776355463,0.011058451816745656,0.004565898146068817,0.019048163887980817,0.01066350710900474,0.003037033202181266,0.02120855654761903,0.9878345498783455,0.9671717171717172,1.0,0.0024330900243309003,0.9951338199513383,0.983329831932773,1.0,0.0,0,,,,,,,,,,,3.0802919708029197,159.98540145985402,145.22267869357046,175.04468485042392,23.868613138686133
S4,withheld,False,87,59,11,296,0.7820945945945946,0.7313574168523915,0.8285614321341397,0.2179054054054054,0.17143856786586012,0.2686425831476084,0.0822072072072072,0.05072463768115942,0.12070928667300594,0.13569819819819823,0.09726156932406357,0.1818725840023788,0.78544061302682,0.6954007539241132,0.868312757201646,0.1206896551724138,0.8295019157088123,0.7548720043572984,0.9000095785440613,0.0,0,,,,,,,,,,,3.4022988505747125,207.05747126436782,173.23451255980862,247.1638636363636,30.229885057471265
S4,withheld,True,93,63,0,277,0.8983152827918172,0.8602921410499683,0.9370742744304608,0.10168471720818292,0.06292572556953922,0.13970785895003163,0.05054151624548736,0.017703823953823954,0.09006158375390529,0.05114320096269555,0.026753961035537278,0.07867263056092842,0.9587813620071683,0.9196045384445912,0.9909444639239521,0.0035842293906810036,0.9641577060931898,0.9263157894736842,0.9963768115942028,0.0,0,,,,,,,,,,,2.978494623655914,160.04301075268816,135.42619047619047,184.93426966292134,24.408602150537636
S5,tracker,False,35,33,2,144,0.755787037037037,0.702288718736424,0.808547034516286,0.244212962962963,0.19145296548371413,0.297711281263576,0.20023148148148148,0.15439966591732235,0.25,0.04398148148148148,0.018511759935117597,0.07212630833985176,0.7333333333333333,0.6080674424424425,0.8535353535353535,0.09523809523809523,0.8904761904761904,0.8153153153153152,0.9571428571428572,0.0,0,,,,,,,,,,,4.114285714285714,252.14285714285714,204.88504901960783,304.6884243697479,36.857142857142854
S5,tracker,True,145,76,0,543,0.9732965009208103,0.9578154459846937,0.9863561006075058,0.026703499079189688,0.01364389939249418,0.04218455401530622,0.016267648864333944,0.008332948243992604,0.026423059080687514,0.010435850214855739,0.002795043576421755,0.01988325243488468,0.9793103448275862,0.9567077329063629,0.9975308641975308,0.0022988505747126436,0.9839080459770114,0.9621633601686793,1.0,0.0,0,,,,,,,,,,,3.7448275862068967,223.87586206896552,199.5895265208271,252.61557133198104,32.682758620689654
S5,withheld,False,83,57,9,342,0.7300194931773879,0.6722364093876126,0.786134192089228,0.2699805068226121,0.21386580791077206,0.32776359061238725,0.1310916179337232,0.08578931183425266,0.1812626262626262,0.1388888888888889,0.09140866209262434,0.1927466550108058,0.7329317269076304,0.6453475949115485,0.8208604452054792,0.13253012048192772,0.8192771084337349,0.743894621638524,0.8915687751004016,0.0,0,,,,,,,,,,,4.120481927710843,278.7710843373494,235.86682352941176,328.90352739726023,40.397590361445786
S5,withheld,True,97,64,0,327,0.8598369011213046,0.8153221632029102,0.9020489086087311,0.14016309887869519,0.09795109139126887,0.1846778367970896,0.0601427115188583,0.02502256508617042,0.09953016366747444,0.0800203873598369,0.05141739148378576,0.11441475057146697,0.9604810996563573,0.923609068627451,0.9923393416927901,0.003436426116838488,0.9828178694158075,0.9546925566343042,1.0,0.0,0,,,,,,,,,,,3.3711340206185567,204.38144329896906,169.97213358070502,246.12644072301967,30.34020618556701
