system,arm,judge,n_claims,faithfulness,lo,hi
DC,tracker,gemma_4_31b,597,0.9195979899497487,0.8870924997150348,0.9471911878581384
DC,tracker,granite_41_30b,538,0.949814126394052,0.9243222768222769,0.9729331441011931
DC,tracker,nemotron_super_49b,588,0.9217687074829932,0.8954112438660125,0.9456154499151104
DC,withheld,gemma_4_31b,630,0.6825396825396826,0.6408932334681324,0.7245990103284673
DC,withheld,granite_41_30b,591,0.922165820642978,0.8952031885635707,0.9468089668260282
DC,withheld,nemotron_super_49b,612,0.7630718954248366,0.7221214957608763,0.8055122317298985
S2,tracker,gemma_4_31b,776,0.8092783505154639,0.7781816707625687,0.843916289966355
S2,tracker,granite_41_30b,828,0.8828502415458938,0.8524168333286386,0.9114283967759119
S2,tracker,nemotron_super_49b,843,0.8529062870699882,0.8164599025668684,0.8873247531163996
S2,withheld,gemma_4_31b,783,0.7777777777777778,0.7438492934366503,0.809249299803349
S2,withheld,granite_41_30b,829,0.873341375150784,0.848482218013468,0.8997796822117027
S2,withheld,nemotron_super_49b,814,0.8194103194103194,0.7860821282795925,0.8542215990398375
S3,tracker,gemma_4_31b,453,0.8962472406181016,0.8609399596886907,0.9283957115009747
S3,tracker,granite_41_30b,493,0.949290060851927,0.9263361433772538,0.9700261970932617
S3,tracker,nemotron_super_49b,572,0.9090909090909091,0.8792351407044884,0.9364798490479072
S3,withheld,gemma_4_31b,428,0.7523364485981309,0.7021778888259235,0.7982646420824295
S3,withheld,granite_41_30b,501,0.8882235528942116,0.8581764090036642,0.9172137380593263
S3,withheld,nemotron_super_49b,577,0.7902946273830156,0.7490375531412375,0.8280531231297446
S4,tracker,gemma_4_31b,430,0.8953488372093024,0.864167966284692,0.9262944428385604
S4,tracker,granite_41_30b,464,0.9396551724137931,0.9156895413498328,0.9625
S4,tracker,nemotron_super_49b,518,0.9111969111969112,0.8841670863409994,0.9375058962264151
S4,withheld,gemma_4_31b,400,0.765,0.7156851129077223,0.8083145688991532
S4,withheld,granite_41_30b,458,0.8973799126637555,0.8645088292547275,0.9280902548285231
S4,withheld,nemotron_super_49b,540,0.837037037037037,0.7983860970407891,0.8757263605391101
S5,tracker,gemma_4_31b,513,0.9122807017543859,0.8772987912288162,0.9420785290035716
S5,tracker,granite_41_30b,537,0.9590316573556797,0.9407407407407408,0.9760288862418106
S5,tracker,nemotron_super_49b,622,0.909967845659164,0.8808752194907814,0.9373851324190668
S5,withheld,gemma_4_31b,489,0.7464212678936605,0.6982347685146704,0.796184064991037
S5,withheld,granite_41_30b,534,0.8670411985018727,0.8329957537007917,0.9011645851277634
S5,withheld,nemotron_super_49b,625,0.7792,0.7372447964058235,0.8201699737486617
