system,model,arm,n_episodes,n_cves,n_no_claim,n_claims,faithfulness,faithfulness_lo,faithfulness_hi,hallucination,hallucination_lo,hallucination_hi,contradicted,contradicted_lo,contradicted_hi,not_in_evidence,not_in_evidence_lo,not_in_evidence_hi,consistency,consistency_lo,consistency_hi,asserted_none,consistency_coarse,consistency_coarse_lo,consistency_coarse_hi,share_claims_cited,n_cited_claims,faithfulness_nostate,faithfulness_nostate_lo,faithfulness_nostate_hi,claims_per_episode,chars_mean,chars_lo,chars_hi,words_mean,cite_id_exist,citation_validity,citation_validity_lo,citation_validity_hi,citation_contradicted,citation_contradicted_lo,citation_contradicted_hi
DC,gemma4_31b,tracker,30,24,0,100,0.885,0.8300970873786407,0.9395604395604396,0.115,0.06043956043956044,0.16990291262135923,0.115,0.06043956043956044,0.16990291262135923,0.0,0.0,0.0,1.0,1.0,1.0,0.0,1.0,1.0,1.0,0.0,0,0.815,0.7673267326732673,0.8700092592592592,3.3333333333333335,206.56666666666666,199.09833333333333,213.0,30.466666666666665,,,,,,,
DC,gemma4_31b,withheld,30,24,0,97,0.9123711340206185,0.8714285714285714,0.9523809523809523,0.08762886597938144,0.047619047619047616,0.12857142857142856,0.08762886597938144,0.047619047619047616,0.12857142857142856,0.0,0.0,0.0,1.0,1.0,1.0,0.0,1.0,1.0,1.0,0.0,0,0.8144329896907216,0.7323141205873165,0.8908236393851265,3.2333333333333334,255.73333333333332,239.55086206896553,272.0333620689655,37.53333333333333,,,,,,,
DC,granite41_8b,tracker,30,27,0,159,0.9150943396226415,0.8493566176470588,0.9644970414201184,0.08490566037735849,0.03550295857988166,0.15064338235294117,0.012578616352201259,0.0,0.029806291390728448,0.07232704402515723,0.02738800444279896,0.13424671635031077,1.0,1.0,1.0,0.0,1.0,1.0,1.0,0.8364779874213837,133,0.6761006289308176,0.5933595159079432,0.75,5.3,484.7,463.83,508.10489432703,72.3,0.9699248120300752,0.15789473684210525,0.0701189024390244,0.27917902542372874,0.0037593984962406013,0.0,0.011538461538461539
DC,granite41_8b,withheld,30,27,0,136,0.7426470588235294,0.6619666528583265,0.8161822150735294,0.25735294117647056,0.1838177849264706,0.33803334714167355,0.14338235294117646,0.09199779411764705,0.19729298194097775,0.11397058823529412,0.0694419099756691,0.16666666666666666,1.0,1.0,1.0,0.0,1.0,1.0,1.0,0.49264705882352944,67,0.5110294117647058,0.4136420234441817,0.6033231404958677,4.533333333333333,449.4,427.4439655172414,473.2897783251231,65.03333333333333,1.0,0.43283582089552236,0.30880842062852537,0.5580303598200896,0.15671641791044777,0.047619047619047616,0.2746657481118595
DC,llama31_8b,tracker,30,23,0,109,0.8073394495412844,0.7135785141409878,0.8914737823606845,0.1926605504587156,0.10852621763931548,0.28642148585901217,0.1651376146788991,0.08333333333333333,0.2544663149350649,0.027522935779816515,0.008188653672389313,0.05434782608695652,0.7166666666666667,0.54,0.8611350574712643,0.15,0.7166666666666667,0.54,0.8611350574712643,0.3302752293577982,36,0.7201834862385321,0.6138450401643938,0.8153153153153153,3.6333333333333333,413.46666666666664,395.5325,434.0396739130435,63.06666666666667,1.0,0.2222222222222222,0.09373183139534884,0.40741959064327476,0.0,0.0,0.0
DC,llama31_8b,withheld,30,23,0,115,0.7913043478260869,0.7128644655804163,0.8593793890449438,0.20869565217391303,0.14062061095505618,0.2871355344195836,0.14782608695652175,0.09813084112149532,0.20537672305764398,0.06086956521739131,0.022935779816513763,0.1036176801801801,1.0,1.0,1.0,0.0,1.0,1.0,1.0,0.19130434782608696,22,0.6608695652173913,0.5479904761904763,0.7735119047619048,3.8333333333333335,417.06666666666666,395.49768518518516,440.4406666666667,64.3,1.0,0.6363636363636364,0.4411764705882353,0.8043478260869565,0.09090909090909091,0.0,0.21052631578947367
DC,mistral_small_24b,tracker,30,25,0,128,0.9947916666666667,0.9863387978142076,1.0,0.005208333333333333,0.0,0.01366120218579235,0.0026041666666666665,0.0,0.008547008547008548,0.0026041666666666665,0.0,0.008695652173913044,1.0,1.0,1.0,0.0,1.0,1.0,1.0,0.6875,88,0.9661458333333333,0.9323642040768235,0.9919354838709677,4.266666666666667,353.3,342.93441820276496,364.85261437908497,50.266666666666666,1.0,0.20833333333333331,0.14999149659863945,0.29107981220657275,0.0037878787878787876,0.0,0.0123485635167878
DC,mistral_small_24b,withheld,30,25,0,132,0.7575757575757575,0.704939776733255,0.8120657147455793,0.2424242424242424,0.1879342852544204,0.2950602232667449,0.1590909090909091,0.11361803519061583,0.20610687022900762,0.08333333333333333,0.049584731200392765,0.11811446956227244,1.0,1.0,1.0,0.0,1.0,1.0,1.0,0.6287878787878788,83,0.6464646464646464,0.5746201683888251,0.7217745638200183,4.4,359.8666666666667,344.6532407407407,375.2445151033386,52.03333333333333,1.0,0.5823293172690762,0.4949441786283892,0.6833552631578946,0.24497991967871485,0.12912377450980392,0.35297181372549
DC,qwen3_14b,tracker,30,25,0,107,0.928348909657321,0.8806906830182251,0.9655172413793104,0.07165109034267912,0.034482758620689655,0.11930931698177474,0.056074766355140186,0.02482269503546099,0.0939478114478114,0.015576323987538939,0.0,0.035091936572199715,1.0,1.0,1.0,0.0,1.0,1.0,1.0,0.6355140186915887,68,0.8753894080996883,0.8282802249297093,0.9207920792079208,3.566666666666667,354.5,341.2689655172414,366.62812499999995,53.3,1.0,0.31862745098039214,0.17313224409998604,0.5024959946032549,0.024509803921568624,0.0043859649122807015,0.053344086021505324
DC,qwen3_14b,withheld,30,25,0,112,0.7916666666666666,0.7181325414781297,0.8627554179566562,0.20833333333333331,0.13724458204334364,0.28186745852187023,0.14583333333333331,0.09345124443104545,0.19865762892078678,0.06249999999999999,0.03267180658671235,0.09144542772861355,1.0,1.0,1.0,0.0,1.0,1.0,1.0,0.45535714285714285,51,0.6607142857142857,0.5718195892363895,0.7532083333333333,3.7333333333333334,358.1,346.56921182266007,368.8754464285714,55.13333333333333,1.0,0.5882352941176471,0.41355820105820096,0.7857473544973543,0.1437908496732026,0.058324275362318836,0.2339413875598085
DC,qwen3_4b,tracker,30,26,0,94,0.9858156028368793,0.96875,1.0,0.014184397163120567,0.0,0.03125,0.014184397163120567,0.0,0.03125,0.0,0.0,0.0,1.0,1.0,1.0,0.0,1.0,1.0,1.0,0.2872340425531915,27,0.8687943262411346,0.8024569123579025,0.9368469785575049,3.1333333333333333,265.5,248.96711189516128,283.6001785714286,41.166666666666664,1.0,0.2345679012345679,0.08641975308641975,0.3950617283950617,0.0,0.0,0.0
DC,qwen3_4b,withheld,30,26,0,135,0.7777777777777777,0.7247263291517324,0.8346060910902025,0.22222222222222218,0.1653939089097974,0.2752736708482676,0.14074074074074072,0.09885057471264368,0.1851993214588633,0.08148148148148149,0.05184865900383141,0.11195928753180662,1.0,1.0,1.0,0.0,1.0,1.0,1.0,0.2,27,0.44938271604938274,0.36000000000000004,0.5480272680580848,4.5,307.6333333333333,290.48321114369503,325.74377394636014,47.666666666666664,1.0,0.49382716049382713,0.32183908045977005,0.6933333333333332,0.32098765432098764,0.1448757763975155,0.4933333333333333
S2,gemma4_31b,tracker,30,24,0,216,0.9791666666666666,0.959385683207293,0.9953714322120285,0.020833333333333332,0.004628567787971457,0.0406143167927069,0.006944444444444444,0.0,0.018724206579865104,0.013888888888888888,0.0,0.027878634927871286,1.0,1.0,1.0,0.0,1.0,1.0,1.0,0.013888888888888888,3,,,,7.2,415.56666666666666,385.03145161290325,450.7195767195767,59.63333333333333,1.0,1.0,1.0,1.0,0.0,0.0,0.0
S2,gemma4_31b,withheld,30,24,0,195,0.9,0.8560966371027346,0.9429373624105669,0.1,0.05706263758943313,0.14390336289726532,0.06666666666666667,0.02392370345744681,0.11448841510903425,0.03333333333333333,0.017070070276973957,0.049530173704702,0.9,0.8,1.0,0.0,1.0,1.0,1.0,0.0,0,,,,6.5,450.6333333333333,393.93008004926105,518.2309848484848,64.4,,,,,,,
S2,granite41_8b,tracker,30,27,0,164,0.823170731707317,0.7391223231667747,0.8993506493506493,0.17682926829268292,0.10064935064935066,0.2608776768332251,0.15548780487804878,0.08333333333333333,0.23414629274528592,0.021341463414634148,0.003674486881083369,0.04520416024653309,0.8166666666666667,0.7068965517241379,0.9166666666666666,0.03333333333333333,0.9333333333333333,0.85,1.0,0.012195121951219513,2,,,,5.466666666666667,468.2,389.10086206896557,556.0974407327586,67.63333333333334,1.0,0.5,,,0.25,,
S2,granite41_8b,withheld,30,27,0,149,0.7281879194630873,0.6503733719544763,0.8179107485186474,0.27181208053691275,0.18208925148135238,0.34962662804552364,0.20134228187919462,0.12141299137104507,0.2812546781437125,0.07046979865771812,0.025545701799246825,0.125,0.6833333333333333,0.5356834975369458,0.8214573732718892,0.016666666666666666,0.9166666666666666,0.8035714285714286,1.0,0.0,0,,,,4.966666666666667,394.7,334.2608333333333,464.55310960591135,57.4,,,,,,,
S2,llama31_8b,tracker,30,23,0,148,0.8277027027027027,0.7617635569852941,0.8858362747759978,0.17229729729729729,0.11416372522400217,0.23823644301470587,0.15878378378378377,0.10356834975369458,0.22580645161290322,0.013513513513513514,0.0,0.04196172248803826,0.6166666666666667,0.45157258064516126,0.7800312499999998,0.16666666666666666,0.8,0.6666666666666666,0.9137931034482759,0.033783783783783786,5,,,,4.933333333333334,293.4,259.865,331.616935483871,44.733333333333334,1.0,0.8,0.5,1.0,0.0,0.0,0.0
S2,llama31_8b,withheld,30,23,0,163,0.803680981595092,0.7317819680874705,0.8686895551257253,0.19631901840490798,0.13131044487427468,0.2682180319125294,0.17791411042944785,0.11110426929392446,0.25170312729408306,0.018404907975460124,0.0031051108043861665,0.038222684958353716,0.8833333333333333,0.7586206896551724,0.9807692307692307,0.0,0.9,0.7811631944444445,1.0,0.0736196319018405,12,,,,5.433333333333334,346.56666666666666,311.14580170777987,393.19585597826085,52.7,1.0,0.9166666666666666,0.88,1.0,0.0,0.0,0.0
S2,mistral_small_24b,tracker,30,25,0,173,0.8420038535645471,0.7624453854943873,0.908755741775295,0.15799614643545282,0.09124425822470514,0.23755461450561263,0.12716763005780346,0.07387266461091962,0.18930563389108226,0.03082851637764932,0.004692407317468027,0.07059261693504215,0.7333333333333333,0.5833333333333333,0.8571428571428571,0.06666666666666667,0.9333333333333335,0.8601840363937138,0.9888888888888888,0.09826589595375723,17,,,,5.766666666666667,338.2,299.1558353808354,384.00277777777774,49.8,1.0,1.0,1.0,1.0,0.0,0.0,0.0
S2,mistral_small_24b,withheld,30,25,1,171,0.9064327485380118,0.8641188959660296,0.9463637008656166,0.0935672514619883,0.05363629913438342,0.13588110403397027,0.0857699805068226,0.047619047619047616,0.12717635876944558,0.007797270955165692,0.0,0.017444410444716427,0.7222222222222222,0.5749768518518518,0.8666666666666667,0.03333333333333333,0.9666666666666667,0.9285714285714286,1.0,0.08187134502923976,14,,,,5.7,361.56666666666666,314.1242943548387,416.26349206349204,54.7,1.0,1.0,1.0,1.0,0.0,0.0,0.0
S2,qwen3_14b,tracker,30,25,0,118,0.8926553672316384,0.8204931972789116,0.9602464686180281,0.10734463276836156,0.03975353138197175,0.1795068027210883,0.10451977401129943,0.035248015873015875,0.17800105366147356,0.002824858757062147,0.0,0.009708737864077669,0.7555555555555554,0.5952380952380951,0.896551724137931,0.0,0.9,0.7777777777777778,1.0,0.0,0,,,,3.933333333333333,273.5,239.26161290322582,312.51948891625614,41.43333333333333,,,,,,,
S2,qwen3_14b,withheld,30,25,0,130,0.8820512820512821,0.8186545454545454,0.9454560023310024,0.11794871794871795,0.05454399766899767,0.18134545454545448,0.09230769230769231,0.03763339801115692,0.14959490740740727,0.025641025641025644,0.0070921985815602835,0.04462000843644543,0.8777777777777778,0.7737351190476189,0.9753306878306878,0.03333333333333333,0.9666666666666667,0.9166666666666666,1.0,0.0,0,,,,4.333333333333333,294.5,248.768,348.3620967741935,45.166666666666664,,,,,,,
S2,qwen3_4b,tracker,30,26,0,173,0.7475915221579961,0.6704948914431673,0.8234084392682245,0.2524084778420038,0.1765915607317754,0.3295051085568326,0.2466281310211946,0.16842298388990654,0.3251041429978035,0.005780346820809248,0.0,0.014862885338457336,0.45555555555555555,0.28567019400352733,0.625,0.02222222222222222,0.9333333333333333,0.8333333333333334,1.0,0.0,0,,,,5.766666666666667,373.3333333333333,332.185376344086,417.26018518518515,56.766666666666666,,,,,,,
S2,qwen3_4b,withheld,30,26,0,170,0.7088235294117647,0.644799635701275,0.7757237122179651,0.2911764705882353,0.2242762877820349,0.3552003642987249,0.2441176470588235,0.17981612685560053,0.3015898131404461,0.047058823529411764,0.020575678468483165,0.08068447920569499,0.4444444444444444,0.2738095238095238,0.611111111111111,0.05555555555555555,0.8222222222222222,0.6785611658456486,0.9425287356321839,0.0,0,,,,5.666666666666667,373.8666666666667,336.16572580645163,411.5192082111437,56.6,,,,,,,
S3,gemma4_31b,tracker,30,24,0,167,0.9700598802395209,0.9392246923324272,0.9943502824858758,0.029940119760479042,0.005649717514124294,0.06077530766757285,0.008982035928143712,0.0,0.018867924528301886,0.020958083832335328,0.0028731527093596057,0.04487433862433861,1.0,1.0,1.0,0.0,1.0,1.0,1.0,0.0,0,,,,5.566666666666666,337.5,279.79290322580647,408.4027941176469,48.266666666666666,,,,,,,
S3,gemma4_31b,withheld,30,24,0,177,0.8954802259887006,0.8398990865177675,0.95,0.10451977401129943,0.05,0.16010091348223252,0.03672316384180791,0.008928571428571428,0.06428748231966053,0.06779661016949153,0.03125,0.10476631393298058,0.9666666666666667,0.8888888888888888,1.0,0.0,1.0,1.0,1.0,0.0,0,,,,5.9,406.6,320.780775862069,508.8742691532256,58.666666666666664,,,,,,,
S3,granite41_8b,tracker,30,27,0,127,0.8700787401574803,0.8074007936507938,0.9324475144787644,0.12992125984251968,0.06755248552123552,0.19259920634920633,0.08267716535433071,0.041666666666666664,0.12406083639756324,0.047244094488188976,0.01009848484848485,0.08843537414965986,0.9,0.7903225806451613,0.9838709677419355,0.0,0.9666666666666667,0.8928571428571429,1.0,0.0,0,,,,4.233333333333333,239.23333333333332,199.56025862068967,285.0739532019704,34.03333333333333,,,,,,,
S3,granite41_8b,withheld,30,27,0,104,0.6153846153846154,0.5202020202020202,0.7126661278735631,0.38461538461538464,0.28733387212643674,0.4797979797979798,0.07692307692307693,0.029411764705882353,0.12947287087912085,0.3076923076923077,0.2204713826094319,0.3977330705009276,0.9666666666666667,0.9137931034482759,1.0,0.0,1.0,1.0,1.0,0.0,0,,,,3.466666666666667,189.8,167.55086206896553,211.60062499999998,27.4,,,,,,,
S3,llama31_8b,tracker,30,23,2,48,0.8125,0.6744186046511628,0.9272727272727272,0.1875,0.07272727272727272,0.32558139534883723,0.17708333333333334,0.0625,0.3125,0.010416666666666666,0.0,0.03571428571428571,0.8833333333333333,0.7592432950191571,0.9827586206896551,0.03333333333333333,0.95,0.8653846153846154,1.0,0.0,0,,,,1.6,78.0,63.71309523809524,95.12937499999998,12.8,,,,,,,
S3,llama31_8b,withheld,30,23,10,28,0.8214285714285714,0.6607142857142857,0.96,0.17857142857142858,0.04,0.3392857142857143,0.16071428571428573,0.020833333333333332,0.3225806451612903,0.017857142857142856,0.0,0.0625,0.6666666666666666,0.5,0.8125,0.3333333333333333,0.6666666666666666,0.5,0.8125,0.0,0,,,,0.9333333333333333,52.9,42.9975,62.701944444444436,8.7,,,,,,,
S3,mistral_small_24b,tracker,30,25,0,93,0.978494623655914,0.9552845528455284,1.0,0.02150537634408602,0.0,0.044715447154471545,0.017921146953405017,0.0,0.03859649122807017,0.0035842293906810036,0.0,0.011497594226142724,0.9555555555555555,0.9,1.0,0.0,1.0,1.0,1.0,0.0,0,,,,3.1,148.5,126.37891849529781,171.66666666666666,21.5,,,,,,,
S3,mistral_small_24b,withheld,30,25,0,87,0.8735632183908046,0.8272670097198399,0.9248826291079811,0.12643678160919541,0.07511737089201878,0.17273299028016004,0.07662835249042145,0.03375527426160337,0.12631881427707198,0.04980842911877394,0.012048192771084338,0.09469696969696968,0.9,0.8024594907407406,0.976211001642036,0.03333333333333333,0.9666666666666667,0.9166666666666666,1.0,0.0,0,,,,2.9,162.43333333333334,138.22129629629632,187.16666666666666,24.0,,,,,,,
S3,qwen3_14b,tracker,30,25,0,83,0.9879518072289156,0.9682539682539684,1.0,0.012048192771084338,0.0,0.031746031746031744,0.012048192771084338,0.0,0.031746031746031744,0.0,0.0,0.0,0.9888888888888888,0.9629629629629629,1.0,0.0,1.0,1.0,1.0,0.0,0,,,,2.7666666666666666,164.9,144.20414349276973,188.92939560439558,24.633333333333333,,,,,,,
S3,qwen3_14b,withheld,30,25,0,88,0.9128787878787878,0.8658536585365854,0.954555692055692,0.08712121212121211,0.04544430794430795,0.13414634146341464,0.011363636363636364,0.0,0.027216886754701845,0.07575757575757575,0.034185606060606055,0.12601626016260162,0.9333333333333333,0.8541666666666666,1.0,0.04444444444444444,0.9333333333333333,0.8541666666666666,1.0,0.0,0,,,,2.933333333333333,177.3,150.08863636363637,208.24482758620687,27.3,,,,,,,
S3,qwen3_4b,tracker,30,26,0,102,0.8235294117647058,0.7547169811320755,0.8888888888888888,0.17647058823529407,0.1111111111111111,0.2452830188679245,0.17320261437908493,0.1078322440087146,0.24272687432578205,0.00326797385620915,0.0,0.010101010101010102,0.8555555555555555,0.7737499999999999,0.9310344827586207,0.11111111111111112,0.8555555555555555,0.7737499999999999,0.9310344827586207,0.0,0,,,,3.4,171.26666666666668,149.65937499999998,194.8125,25.366666666666667,,,,,,,
S3,qwen3_4b,withheld,30,26,0,121,0.7245179063360881,0.6612443727743061,0.796120999640417,0.2754820936639118,0.20387900035958287,0.33875562722569363,0.2121212121212121,0.13020833333333331,0.293010752688172,0.06336088154269971,0.01896763307255714,0.11570846808000955,0.6,0.42857142857142855,0.7586206896551724,0.02222222222222222,0.6,0.42857142857142855,0.7586206896551724,0.0,0,,,,4.033333333333333,215.96666666666667,190.0658064516129,242.6764943074004,31.433333333333334,,,,,,,
S4,gemma4_31b,tracker,30,24,0,145,0.9793103448275862,0.95578231292517,0.9966666666666667,0.020689655172413793,0.0033333333333333335,0.04421768707482993,0.013793103448275862,0.0,0.032853362014791866,0.006896551724137931,0.0,0.017985611510791366,1.0,1.0,1.0,0.0,1.0,1.0,1.0,0.0,0,,,,4.833333333333333,258.2,224.49212962962963,293.3818965517241,37.0,,,,,,,
S4,gemma4_31b,withheld,30,24,0,173,0.9104046242774566,0.8629748774509804,0.9575191093386507,0.08959537572254335,0.04248089066134929,0.13702512254901958,0.03757225433526012,0.0,0.08881932111721018,0.05202312138728324,0.024096385542168676,0.08209210795338376,1.0,1.0,1.0,0.0,1.0,1.0,1.0,0.0,0,,,,5.766666666666667,359.1666666666667,284.88535052910055,419.8057758620689,51.86666666666667,,,,,,,
S4,granite41_8b,tracker,30,27,0,111,0.8828828828828829,0.8201754385964912,0.9432989690721649,0.11711711711711711,0.05670103092783505,0.17982456140350878,0.04054054054054054,0.013761467889908258,0.06818181818181818,0.07657657657657657,0.026041666666666668,0.12720864661654127,0.8666666666666667,0.7333333333333333,0.967741935483871,0.016666666666666666,0.95,0.8709677419354839,1.0,0.0,0,,,,3.7,201.0,174.64354838709679,231.63731527093586,28.966666666666665,,,,,,,
S4,granite41_8b,withheld,30,27,0,115,0.7739130434782608,0.6895079555361814,0.860583118556701,0.22608695652173913,0.13941688144329897,0.3104920444638186,0.04782608695652174,0.014419642857142858,0.08403454302074813,0.1782608695652174,0.09373675847457627,0.26830178376410624,0.9,0.8103067951318458,0.9821428571428571,0.0,0.9666666666666667,0.9031451612903225,1.0,0.0,0,,,,3.8333333333333335,211.26666666666668,178.99722222222223,248.22068965517232,31.666666666666668,,,,,,,
S4,llama31_8b,tracker,30,23,0,57,0.8859649122807017,0.7806842105263158,0.9741379310344828,0.11403508771929824,0.02586206896551724,0.2193157894736841,0.11403508771929824,0.02586206896551724,0.2193157894736841,0.0,0.0,0.0,0.9666666666666667,0.896551724137931,1.0,0.0,1.0,1.0,1.0,0.0,0,,,,1.9,65.23333333333333,56.49959677419355,76.10816798941799,10.533333333333333,,,,,,,
S4,llama31_8b,withheld,30,23,9,33,0.7727272727272727,0.6486486486486487,0.8793670598911068,0.22727272727272727,0.12063294010889293,0.35135135135135137,0.12121212121212122,0.034482758620689655,0.2222222222222222,0.10606060606060606,0.030303030303030304,0.19357078853046583,0.75,0.5645161290322581,0.9285714285714286,0.21666666666666667,0.7833333333333333,0.6129032258064516,0.9444444444444444,0.0,0,,,,1.1,53.6,45.81927521008403,61.57857142857142,8.966666666666667,,,,,,,
S4,mistral_small_24b,tracker,30,25,0,76,0.9605263157894737,0.9166666666666667,0.9938402385436282,0.039473684210526314,0.006159761456371626,0.08333333333333331,0.030701754385964914,0.0,0.07017543859649122,0.008771929824561403,0.0,0.029850746268656716,0.8888888888888888,0.7816002155172413,0.9770114942528735,0.01111111111111111,0.9777777777777779,0.9259259259259259,1.0,0.02631578947368421,2,,,,2.533333333333333,129.16666666666666,107.18539870689655,152.93626344086022,19.233333333333334,1.0,0.16666666666666666,,,0.0,,
S4,mistral_small_24b,withheld,30,25,2,62,0.8763440860215053,0.8100861836789658,0.9477124183006537,0.12365591397849461,0.0522875816993464,0.189913816321034,0.0967741935483871,0.03447539050987327,0.15189873417721517,0.026881720430107524,0.0,0.08771929824561403,0.8666666666666667,0.7888636363636363,0.9358974358974359,0.11111111111111112,0.888888888888889,0.8235294117647058,0.9494949494949495,0.0,0,,,,2.066666666666667,114.3,93.31194556451612,136.59807291666664,17.566666666666666,,,,,,,
S4,qwen3_14b,tracker,30,25,0,89,0.9363295880149812,0.8790849673202613,0.9882352941176471,0.06367041198501872,0.011764705882352941,0.12091503267973855,0.06367041198501872,0.011764705882352941,0.12091503267973855,0.0,0.0,0.0,0.9,0.7857142857142857,1.0,0.01111111111111111,0.9333333333333333,0.8333333333333334,1.0,0.0,0,,,,2.966666666666667,161.7,135.58405172413794,191.41109374999996,24.5,,,,,,,
S4,qwen3_14b,withheld,30,25,0,81,0.9094650205761318,0.8765432098765434,0.9409282700421943,0.0905349794238683,0.0590717299578059,0.12345679012345678,0.020576131687242795,0.0,0.04417773133349725,0.0699588477366255,0.03864734299516908,0.1081110331110331,0.9333333333333333,0.8333333333333334,1.0,0.03333333333333333,0.9555555555555555,0.8888888888888888,1.0,0.0,0,,,,2.7,156.2,133.90502232142856,184.06896551724137,23.366666666666667,,,,,,,
S4,qwen3_4b,tracker,30,26,0,97,0.8350515463917526,0.7865417620137299,0.888915857605178,0.1649484536082474,0.111084142394822,0.21345823798626998,0.15463917525773196,0.09919871794871796,0.20621805219262843,0.010309278350515464,0.0,0.02299135085922384,0.8333333333333334,0.733287037037037,0.9247311827956989,0.14444444444444443,0.8444444444444444,0.7555555555555554,0.9270833333333333,0.0,0,,,,3.2333333333333334,175.5,146.79101779755285,207.31740102171133,26.3,,,,,,,
S4,qwen3_4b,withheld,30,26,0,109,0.7370030581039755,0.6460176991150443,0.8237268518518518,0.26299694189602446,0.17627314814814812,0.3539823008849557,0.1345565749235474,0.05610415023803265,0.23366793584862106,0.12844036697247704,0.06366198501872658,0.1969737699576409,0.8,0.6206896551724138,0.9375473484848482,0.0,0.8,0.6206896551724138,0.9375473484848482,0.0,0,,,,3.6333333333333333,202.06666666666666,169.24829545454546,235.38046874999998,29.9,,,,,,,
S5,gemma4_31b,tracker,30,24,0,174,0.9683908045977011,0.9454532392894461,0.9892482718894009,0.031609195402298854,0.010751728110599079,0.0545467607105538,0.014367816091954023,0.0035695554445554444,0.02586580625872033,0.017241379310344827,0.0,0.03968479437229436,1.0,1.0,1.0,0.0,1.0,1.0,1.0,0.0,0,,,,5.8,374.23333333333335,319.79637931034483,445.98357142857134,52.86666666666667,,,,,,,
S5,gemma4_31b,withheld,30,24,0,180,0.875,0.8152848933813348,0.9316839097357491,0.125,0.0683160902642508,0.18471510661866516,0.06111111111111111,0.015151515151515152,0.11765128465179173,0.06388888888888888,0.03144609164420485,0.10304075235109712,0.9666666666666667,0.90625,1.0,0.0,1.0,1.0,1.0,0.0,0,,,,6.0,431.6333333333333,354.9941666666667,521.7266433189654,61.63333333333333,,,,,,,
S5,granite41_8b,tracker,30,27,0,150,0.9,0.8354411083667799,0.9591983345062162,0.1,0.040801665493783716,0.1645588916332201,0.06333333333333334,0.0273972602739726,0.10197368421052631,0.03666666666666667,0.009865217019822283,0.06835040032490135,0.95,0.8709677419354839,1.0,0.0,1.0,1.0,1.0,0.0,0,,,,5.0,291.1666666666667,245.8544642857143,342.2367241379309,41.3,,,,,,,
S5,granite41_8b,withheld,30,27,0,135,0.6370370370370371,0.5445075342465753,0.7252214460607804,0.362962962962963,0.27477855393921935,0.45549246575342456,0.08888888888888889,0.02678401035986914,0.16666666666666666,0.2740740740740741,0.19626020347805512,0.35600410958904105,0.9,0.803030303030303,0.9833333333333333,0.0,1.0,1.0,1.0,0.0,0,,,,4.5,292.23333333333335,222.55785714285713,381.8824527252502,41.96666666666667,,,,,,,
S5,llama31_8b,tracker,30,23,2,65,0.9153846153846154,0.8363636363636363,0.9733421052631579,0.08461538461538462,0.026657894736842106,0.16363636363636364,0.07692307692307693,0.02,0.14914473684210514,0.007692307692307693,0.0,0.02727272727272727,0.8166666666666667,0.6875,0.9375,0.03333333333333333,0.95,0.8653846153846154,1.0,0.0,0,,,,2.1666666666666665,149.96666666666667,108.17213570634037,203.43749999999994,23.9,,,,,,,
S5,llama31_8b,withheld,30,23,9,44,0.7727272727272727,0.6363636363636364,0.9166666666666666,0.22727272727272727,0.08333333333333333,0.36363636363636365,0.125,0.0,0.26136363636363635,0.10227272727272728,0.037037037037037035,0.15306122448979592,0.7,0.53096875,0.8529411764705882,0.3,0.7,0.53096875,0.8529411764705882,0.0,0,,,,1.4666666666666666,93.8,57.95985663082437,137.00178571428572,14.766666666666667,,,,,,,
S5,mistral_small_24b,tracker,30,25,0,96,0.9791666666666666,0.9579563774300615,0.9962962962962962,0.020833333333333332,0.0037037037037037034,0.04204362256993835,0.006944444444444444,0.0,0.016181229773462782,0.013888888888888888,0.0,0.03101137433891181,0.9888888888888888,0.9642857142857143,1.0,0.0,1.0,1.0,1.0,0.0,0,,,,3.2,163.4,137.8950925925926,193.2082056194125,23.366666666666667,,,,,,,
S5,mistral_small_24b,withheld,30,25,0,81,0.9300411522633745,0.8888888888888888,0.9656862745098038,0.06995884773662552,0.034313725490196074,0.1111111111111111,0.04938271604938271,0.018012012012012014,0.08750548245614032,0.020576131687242795,0.004327616827616828,0.04065266485998192,0.9222222222222223,0.8395061728395061,0.9866794871794871,0.0,0.9777777777777777,0.9444444444444444,1.0,0.0,0,,,,2.7,169.23333333333332,141.70267857142858,200.16681034482758,25.0,,,,,,,
S5,qwen3_14b,tracker,30,25,0,90,0.9666666666666667,0.9026171553850371,1.0,0.03333333333333333,0.0,0.09738284461496297,0.02222222222222222,0.0,0.06202189283584629,0.011111111111111112,0.0,0.03488372093023256,0.9555555555555555,0.8735632183908045,1.0,0.0,0.9666666666666667,0.8928571428571429,1.0,0.0,0,,,,3.0,190.96666666666667,162.5781979977753,222.6785873192436,28.766666666666666,,,,,,,
S5,qwen3_14b,withheld,30,25,0,100,0.88,0.8151723505683901,0.9400773072121386,0.12,0.05992269278786133,0.18482764943160976,0.03333333333333333,0.0035460992907801418,0.07645699321593023,0.08666666666666666,0.0348774287727776,0.14814814814814814,0.8888888888888888,0.7811631944444444,0.9770114942528735,0.06666666666666667,0.8888888888888888,0.7811631944444444,0.9770114942528735,0.0,0,,,,3.3333333333333335,208.43333333333334,172.5416396103896,248.6822967980295,31.566666666666666,,,,,,,
S5,qwen3_4b,tracker,30,26,0,112,0.8333333333333333,0.7692192192192192,0.8985640207419224,0.16666666666666666,0.10143597925807737,0.23078078078078068,0.16071428571428573,0.09733868889079818,0.22400109289617487,0.005952380952380952,0.0,0.01488095238095238,0.8777777777777778,0.7956989247311829,0.9523809523809523,0.08888888888888888,0.8777777777777778,0.7956989247311829,0.9523809523809523,0.0,0,,,,3.7333333333333334,206.5,180.14949944382647,234.22787356321837,30.766666666666666,,,,,,,
S5,qwen3_4b,withheld,30,26,0,129,0.6976744186046512,0.6262608225108225,0.7786885245901639,0.3023255813953488,0.22131147540983603,0.3737391774891775,0.2222222222222222,0.13164417282064342,0.3069544364508393,0.08010335917312661,0.0386466065747614,0.13015873015873014,0.7555555555555554,0.6049189814814814,0.8928571428571429,0.01111111111111111,0.8777777777777778,0.7526881720430109,0.9696969696969697,0.0,0,,,,4.3,236.76666666666668,198.41344827586207,279.0397580645161,34.93333333333333,,,,,,,
