system,arm,n_episodes,n_cves,n_no_claim,n_claims,faithfulness,faithfulness_lo,faithfulness_hi,hallucination,hallucination_lo,hallucination_hi,contradicted,contradicted_lo,contradicted_hi,not_in_evidence,not_in_evidence_lo,not_in_evidence_hi,consistency,consistency_lo,consistency_hi,asserted_none,consistency_coarse,consistency_coarse_lo,consistency_coarse_hi,share_claims_cited,n_cited_claims,cite_id_exist,citation_validity,citation_validity_lo,citation_validity_hi,citation_contradicted,citation_contradicted_lo,citation_contradicted_hi,faithfulness_nostate,faithfulness_nostate_lo,faithfulness_nostate_hi,claims_per_episode,chars_mean,chars_lo,chars_hi,words_mean
DC,tracker,180,83,0,697,0.9201339072214251,0.8955227014237623,0.9426467435852246,0.07986609277857486,0.05735325641477552,0.10447729857623766,0.05619320899091342,0.03600879182984685,0.07791285221733443,0.023672883787661407,0.011700458706027324,0.03860725783543224,0.9527777777777777,0.921783557300317,0.9793822013341419,0.025,0.9527777777777777,0.921783557300317,0.9793822013341419,0.5050215208034433,352,0.9886363636363636,0.2140151515151515,0.1653933139145574,0.26809711970474964,0.007102272727272727,0.0020384261453947183,0.013761580651854257,0.8127690100430416,0.7808050117718871,0.8443268191686292,3.8722222222222222,346.3388888888889,330.76820652173916,362.19257384987895,51.76111111111111
DC,withheld,180,83,0,727,0.7897753324163229,0.764927505092946,0.8160533453484534,0.2102246675836772,0.18394665465154666,0.23507249490705373,0.13938560293443375,0.12131642123263958,0.15688972426694114,0.07083906464924347,0.055381247692655795,0.08785158847309767,1.0,1.0,1.0,0.0,1.0,1.0,1.0,0.343878954607978,250,1.0,0.5386666666666666,0.4688667085207568,0.6091760388867707,0.19533333333333333,0.13827303992921766,0.2538238330621949,0.6114167812929848,0.5716074862039251,0.6528208341542415,4.038888888888889,357.96666666666664,346.0554597701149,369.6462638964826,53.61666666666667
S2,tracker,180,83,0,992,0.8561827956989247,0.8260154188079393,0.8832872407542847,0.14381720430107525,0.11671275924571521,0.17398458119206064,0.1285282258064516,0.10222056384742953,0.15767772117603732,0.015288978494623653,0.007051701832150013,0.024606483778065315,0.7296296296296295,0.6711469534050178,0.7888348433660932,0.04814814814814815,0.9166666666666666,0.8797964015151514,0.9518337016887679,0.02721774193548387,27,1.0,0.9259259259259259,0.8148148148148148,1.0,0.018518518518518517,0.0,0.0625,,,,5.511111111111111,360.3666666666667,340.2416563275434,380.70863673358656,53.333333333333336
S2,withheld,180,83,1,978,0.8232788002726653,0.797438425241762,0.8478367445703494,0.17672119972733472,0.1521632554296506,0.20256157475823805,0.14331970006816633,0.11847513489919372,0.16819735716372436,0.03340149965916837,0.02196382067195238,0.04580991313234542,0.7518518518518518,0.6967841139962707,0.8037545787545786,0.023148148148148143,0.9287037037037037,0.8928520984665053,0.958794386096524,0.026584867075664622,26,1.0,0.9615384615384616,0.918918918918919,1.0,0.0,0.0,0.0,,,,5.433333333333334,370.30555555555554,350.23744499449947,391.98213102409636,55.16111111111111
S3,tracker,180,83,2,620,0.9169354838709678,0.8930708905458387,0.9392694055514615,0.08306451612903226,0.06073059444853845,0.10692910945416136,0.06586021505376344,0.04734333259809328,0.08700405300164847,0.01720430107526882,0.007126318122433743,0.03054764991419313,0.9305555555555556,0.9007061092447429,0.9581057683878319,0.024074074074074074,0.962037037037037,0.9385024085391732,0.9812734082397004,0.0,0,,,,,,,,,,,3.4444444444444446,189.9,170.75836945812807,211.2766803675048,27.766666666666666
S3,withheld,180,83,10,605,0.8090909090909091,0.7718400640786054,0.8435280767656338,0.19090909090909092,0.15647192323436634,0.22815993592139466,0.08650137741046833,0.06089468111609367,0.11740324940399476,0.10440771349862259,0.07476831241257072,0.13504687156702386,0.8388888888888889,0.7867610004031562,0.884549215216813,0.07222222222222222,0.8611111111111112,0.8121201952410004,0.9039623151821132,0.0,0,,,,,,,,,,,3.361111111111111,200.83333333333334,177.49553299916457,228.43362501080287,29.583333333333332
S4,tracker,180,83,0,575,0.9179710144927536,0.8951385623118123,0.9411479002151225,0.08202898550724638,0.05885209978487728,0.10486143768818769,0.06260869565217392,0.0441855872528663,0.08198091636691233,0.019420289855072465,0.008057139762109646,0.03350303142104852,0.9092592592592593,0.8710865561694291,0.9433023534312194,0.030555555555555555,0.9509259259259261,0.9222766901430299,0.9753086419753085,0.0034782608695652175,2,1.0,0.16666666666666666,,,0.0,,,,,,3.1944444444444446,165.13333333333333,150.767134041556,180.19047330850404,24.42222222222222
S4,withheld,180,83,11,573,0.8382780686445608,0.8038637448686297,0.8706311134852802,0.1617219313554392,0.1293688865147198,0.1961362551313704,0.06689936009307736,0.04151222651222651,0.09765848803206532,0.09482257126236183,0.06992750648054227,0.12205642143553326,0.875,0.8248294488249845,0.9209597069597069,0.06018518518518518,0.8990740740740741,0.8536716380182002,0.9396618551189522,0.0,0,,,,,,,,,,,3.183333333333333,182.76666666666668,161.50264705882356,204.51616568914952,27.22222222222222
S5,tracker,180,83,2,687,0.9277049975739933,0.9050293408142247,0.9485211896965592,0.07229500242600678,0.05147881030344075,0.09497065918577541,0.05482775351770985,0.038558453424233564,0.07307252038548073,0.017467248908296942,0.00892298028436874,0.027665325745682888,0.9314814814814816,0.8972865169908829,0.961675835433442,0.02037037037037037,0.9657407407407407,0.9421409771131312,0.9850187265917602,0.0,0,,,,,,,,,,,3.816666666666667,229.37222222222223,208.46126404494385,253.27958020269088,33.49444444444445
S5,withheld,180,83,9,669,0.7934728450423516,0.7548295129149718,0.8315857063022545,0.20652715495764823,0.16841429369774572,0.2451704870850281,0.09641255605381166,0.06684163301929116,0.13099237997888347,0.11011459890383656,0.0798602291969037,0.14183896064092144,0.8555555555555555,0.8047279972279973,0.9023830218745471,0.06296296296296296,0.9074074074074073,0.866300107613667,0.9444444444444443,0.0,0,,,,,,,,,,,3.716666666666667,238.68333333333334,208.0860264735265,269.68722360635314,34.977777777777774
