system,arm,status_claim,n_claims,faithfulness,faithfulness_lo,faithfulness_hi,contradicted,contradicted_lo,contradicted_hi,not_in_evidence,not_in_evidence_lo,not_in_evidence_hi
DC,tracker,False,534,0.9063670411985018,0.8788931329528161,0.9316424825075048,0.06679151061173531,0.042944540419575176,0.09277122264998514,0.026841448189762793,0.013591870497432752,0.04260022005357826
DC,tracker,True,163,0.9652351738241307,0.938427056975831,0.9887528434548838,0.02147239263803681,0.0029757502113271343,0.04452360567514675,0.01329243353783231,0.001949317738791423,0.031249999999999993
DC,withheld,False,555,0.7885885885885885,0.7617114730432244,0.8163584021888817,0.13123123123123123,0.11100793310764304,0.1493187477193208,0.08018018018018018,0.06242226092047016,0.1001201823169211
DC,withheld,True,172,0.7936046511627907,0.748102596082779,0.8415686988486613,0.16569767441860464,0.12248841043185085,0.20833333333333331,0.04069767441860465,0.02472442680776014,0.05777777777777776
S2,tracker,False,798,0.8790726817042607,0.8478077551563584,0.9069522824774308,0.10693400167084378,0.08040856429965076,0.13663387809755756,0.013993316624895571,0.005095454080499774,0.02492975874019985
S2,tracker,True,194,0.7620274914089348,0.7063914772928392,0.81687546142488,0.21735395189003434,0.15982843137254904,0.2768588501291989,0.020618556701030924,0.00372387750879371,0.040963296918092466
S2,withheld,False,751,0.8630714602751886,0.8378521142963828,0.8876230795770839,0.1023080337328007,0.07850715649946247,0.12657905998925417,0.03462050599201065,0.02282765603511043,0.04742429571444621
S2,withheld,True,227,0.6916299559471366,0.6334803921568627,0.7486402550091075,0.2790014684287812,0.22105816416137197,0.33745153712826115,0.029368575624082228,0.013192990558292282,0.04740078151546041
S3,tracker,False,505,0.926072607260726,0.9035078205274574,0.9474620654473269,0.057755775577557754,0.03851261620185923,0.07920255586164676,0.016171617161716174,0.006253400870622879,0.029517010732164683
S3,tracker,True,115,0.8768115942028987,0.817528735632184,0.9274708132045087,0.10144927536231882,0.0596277090812392,0.149699074074074,0.021739130434782608,0.0,0.05508474576271186
S3,withheld,False,450,0.8481481481481481,0.8106453115982126,0.885088066175227,0.06888888888888889,0.04459828351709048,0.09579585508899711,0.08296296296296297,0.05275492869019219,0.115569751177659
S3,withheld,True,155,0.6956989247311827,0.6162246672716273,0.7738976269913486,0.13763440860215054,0.0844580157080157,0.19393551475791995,0.16666666666666669,0.10497213934713934,0.23673742658615263
S4,tracker,False,453,0.9459161147902869,0.9269382758066498,0.963481599288597,0.033848417954378214,0.021384945266954662,0.047223258706467645,0.020235467255334805,0.008218167360529705,0.034723814984709465
S4,tracker,True,122,0.8142076502732241,0.74929942062295,0.8743033657425656,0.16939890710382513,0.11289229827782148,0.23307566737084687,0.01639344262295082,0.0,0.037502349624060134
S4,withheld,False,429,0.8935508935508935,0.8636023475618355,0.9202117620195504,0.053224553224553224,0.03015842254214347,0.07956383142527781,0.05322455322455323,0.03550853572040012,0.07286441899419578
S4,withheld,True,144,0.6736111111111112,0.6004879813371131,0.7459081377815472,0.1076388888888889,0.05439814814814815,0.17750869910680026,0.21875,0.15555348258706464,0.28161333002563466
S5,tracker,False,569,0.9364381956649093,0.9141295724237178,0.9562906300439693,0.04715875805506737,0.030277753748558244,0.0658717760525034,0.016403046280023433,0.007437251300887663,0.026335852846316645
S5,tracker,True,118,0.885593220338983,0.8319055036344756,0.9318251964085297,0.09180790960451976,0.05155483090163383,0.13768115942028986,0.022598870056497175,0.0040967080909571655,0.04678483398579091
S5,withheld,False,512,0.8180338541666666,0.7803941636992424,0.8525061248275534,0.07910156250000001,0.05286941285134743,0.109018588531821,0.10286458333333333,0.07194124569627885,0.13486126544951543
S5,withheld,True,157,0.7133757961783439,0.6302302679409393,0.7931787028352932,0.15286624203821655,0.08895705521472393,0.22762806384826004,0.1337579617834395,0.08725473746545596,0.18486516955266943
