system,estimate,ci_lo,ci_hi,arm,fit
S3,0.855747108196942,0.834155954228359,0.874948718790604,tracker,M1_glmer
S2,0.775521642906668,0.746791065604759,0.801857225287101,tracker,M1_glmer
S4,0.855074781962254,0.83341423722147,0.87434352817073,tracker,M1_glmer
S5,0.855411156551249,0.833785307944861,0.874646329732851,tracker,M1_glmer
S3,0.855992610811547,0.820050265701846,0.885756119197495,tracker,M1b_bglmer
S2,0.775414602558882,0.726649186092659,0.817663329467079,tracker,M1b_bglmer
S4,0.854994281226327,0.8188623142858,0.884931707863367,tracker,M1b_bglmer
S5,0.855330791163999,0.819260827779533,0.885210899313321,tracker,M1b_bglmer
DC,0.999809963465282,0.998885676891658,0.99996761604637,tracker,M1b_bglmer
S3,1.06501156141158,0.924808262465949,1.20521486035721,tracker,M2_lmer_loss
S2,1.84532797053588,1.70512467159025,1.98553126948151,tracker,M2_lmer_loss
S4,0.973068956555015,0.832865657609385,1.11327225550065,tracker,M2_lmer_loss
S5,1.06552664603257,0.925323347086942,1.2057299449782,tracker,M2_lmer_loss
DC,-0.0227367829593325,-0.162940081904963,0.117466515986298,tracker,M2_lmer_loss
S3,0.558382197421778,0.500015058858898,0.615179590993377,withheld,M1_glmer
S2,0.576415840944719,0.518352334751764,0.632443055111012,withheld,M1_glmer
S4,0.553562264509327,0.495139204170001,0.610542316980456,withheld,M1_glmer
S5,0.559185031223735,0.500828237221153,0.615951046265187,withheld,M1_glmer
DC,0.694742429593635,0.64249133402134,0.742418474246831,withheld,M1_glmer
S3,0.558484894348024,0.453943505415188,0.658086896426577,withheld,M1b_bglmer
S2,0.576479047986104,0.472152728207243,0.674404988910583,withheld,M1b_bglmer
S4,0.553622433656507,0.449063008566798,0.653643336854259,withheld,M1b_bglmer
S5,0.559245753730641,0.454702643592757,0.658786400701198,withheld,M1b_bglmer
DC,0.694810434527051,0.599164334313421,0.776160058275157,withheld,M1b_bglmer
S3,1.62296986944806,1.4236905258409,1.82224921305523,withheld,M2_lmer_loss
S2,2.1274584640026,1.92817912039545,2.32673780760975,withheld,M2_lmer_loss
S4,1.58533190035286,1.38605255674571,1.78461124396001,withheld,M2_lmer_loss
S5,1.65185139998495,1.4525720563778,1.8511307435921,withheld,M2_lmer_loss
DC,0.0380176987340342,-0.161261644873115,0.237297042341183,withheld,M2_lmer_loss
