term,estimate,ci_lo,ci_hi,se_link,z,p,arm,fit
(Intercept),1.83553122987606,1.14438612258762,2.52667633716449,0.352631534426195,5.20523847324899,1.93747633550209e-07,tracker,H6_glmer_baselines
systemS2,-0.68604339615069,-0.838002498892864,-0.534084293408516,0.0775315791212535,-8.84856730543009,8.8649963572807e-19,tracker,H6_glmer_baselines
systemS4,0.00155739597973396,-0.166433491926372,0.16954828388584,0.0857112116504162,0.0181702714236031,0.98550301868747,tracker,H6_glmer_baselines
systemS5,0.0914325401861876,-0.0819195496073375,0.264784629979713,0.0884465689986675,1.03376016979884,0.301248296249504,tracker,H6_glmer_baselines
log_size_c,1.55452255287714,0.585637911364167,2.52340719439012,0.494337982307539,3.14465529357208,0.00166282631494073,tracker,H6_glmer_baselines
systemS2:log_size_c,-0.603306352917852,-0.827447941238833,-0.37916476459687,0.114360054617831,-5.27549899249337,1.32395338815551e-07,tracker,H6_glmer_baselines
systemS4:log_size_c,0.0206226359545847,-0.22518742782157,0.266432699730739,0.125415602386102,0.164434373094158,0.869389206018822,tracker,H6_glmer_baselines
systemS5:log_size_c,0.25660394976458,0.00443383443092998,0.50877406509823,0.12866058627747,1.99442546617335,0.0461055777809754,tracker,H6_glmer_baselines
(Intercept),1.67386032855448,0.21216942933093,3.13555122777803,0.745774366648154,2.24445945504612,0.0248028548153225,tracker,H6_bglmer_withDC
systemS2,-0.687430594814666,-0.839454047771059,-0.535407141858273,0.0775644114665038,-8.86270625687057,7.80951487586593e-19,tracker,H6_bglmer_withDC
systemS4,-0.000361969811639024,-0.168367040036657,0.167643100413379,0.0857184476603756,-0.00422277609451331,0.996630722163866,tracker,H6_bglmer_withDC
systemS5,0.0901964222484619,-0.0831986603794644,0.263591504876388,0.0884685045213302,1.01953144496429,0.30795073258836,tracker,H6_bglmer_withDC
systemDC,6.58870504688814,4.41711412264664,8.76029597112964,1.10797491248346,5.94661934368166,2.73736975858935e-09,tracker,H6_bglmer_withDC
log_size_c,1.35568877301435,0.10441016404077,2.60696738198794,0.638419184660284,2.1235088255309,0.0337112367331759,tracker,H6_bglmer_withDC
systemS2:log_size_c,-0.600672983772256,-0.824947166363897,-0.376398801180615,0.114427705999032,-5.24936665056744,1.52623033642155e-07,tracker,H6_bglmer_withDC
systemS4:log_size_c,0.022192818869585,-0.22368071732985,0.26806635506902,0.125447986870603,0.17690852936904,0.859580238829249,tracker,H6_bglmer_withDC
systemS5:log_size_c,0.259609194014393,0.00734169848568561,0.5118766895431,0.128710270963426,2.01700448667505,0.0436950450991906,tracker,H6_bglmer_withDC
systemDC:log_size_c,-0.669184430347356,-4.35214390577608,3.01377504508137,1.8790954856719,-0.356120503428317,0.721750322959971,tracker,H6_bglmer_withDC
(Intercept),0.232965072046786,-0.199445332508003,0.665375476601575,0.220621607318087,1.05594857583873,0.290991709587498,withheld,H6_glmer_baselines
systemS2,0.078122638778815,-0.0349331166419286,0.191178394199558,0.0576825677984458,1.35435438747787,0.175623342253416,withheld,H6_glmer_baselines
systemS4,-0.0211023060201402,-0.133687662363772,0.091483050323492,0.0574425638591786,-0.367363582027307,0.713347832707318,withheld,H6_glmer_baselines
systemS5,0.00419492585225893,-0.108552518352284,0.116942370056802,0.0575252632670193,0.0729231925943047,0.941867238054245,withheld,H6_glmer_baselines
log_size_c,0.374110101355787,-0.155568847386514,0.903789050098089,0.270249327498026,1.38431464314567,0.166262132229731,withheld,H6_glmer_baselines
systemS2:log_size_c,0.0693093849737698,-0.0951629901330059,0.233781760080546,0.0839160190718365,0.825937475828511,0.408839560474823,withheld,H6_glmer_baselines
systemS4:log_size_c,-0.0334431964153514,-0.196668368832741,0.129781976002039,0.0832796794761992,-0.401576910786614,0.68799542517344,withheld,H6_glmer_baselines
systemS5:log_size_c,0.0225369549466107,-0.141121806757352,0.186195716650574,0.0835009025649872,0.269900734654581,0.787236621971077,withheld,H6_glmer_baselines
(Intercept),0.236006121897526,-0.154886203827142,0.626898447622195,0.199438524793301,1.18335272556856,0.236669384737829,withheld,H6_glmer_withDC
systemS2,0.0762772547583474,-0.0358087732490029,0.188363282765698,0.0571877998225838,1.33380292641063,0.182268451678806,withheld,H6_glmer_withDC
systemS4,-0.0205182846597747,-0.132148281420181,0.0911117121006315,0.0569551265436147,-0.360253517197654,0.718657556679466,withheld,H6_glmer_withDC
systemS5,0.00397722660406628,-0.107811462497754,0.115765915705886,0.057036093511715,0.0697317498304714,0.944407170571495,withheld,H6_glmer_withDC
systemDC,0.577203837469275,0.462516090203945,0.691891584734606,0.0585152319991454,9.86416387236925,5.95283286085711e-23,withheld,H6_glmer_withDC
log_size_c,0.362300493302736,-0.0720139406682669,0.796614927273738,0.22159306874862,1.63498116321381,0.102052996467814,withheld,H6_glmer_withDC
systemS2:log_size_c,0.0666454764516983,-0.0959489605197556,0.229239913423152,0.0829578697639233,0.803365330394261,0.42176360762041,withheld,H6_glmer_withDC
systemS4:log_size_c,-0.0324211491723498,-0.193862748642036,0.129020450297337,0.0823696765568741,-0.393605396155269,0.693872396636116,withheld,H6_glmer_withDC
systemS5:log_size_c,0.0219676518988112,-0.139885759281106,0.183821063078729,0.0825797884331533,0.266017294493236,0.790225889690974,withheld,H6_glmer_withDC
systemDC:log_size_c,-0.353755184036291,-0.521518408840821,-0.185991959231761,0.0855950548723471,-4.13289277708703,3.58225867026746e-05,withheld,H6_glmer_withDC
