group,sd,arm,fit
cve,0.401837982473376,tracker,M1_glmer
base_image,0.063295790696059,tracker,M1_glmer
cve,0.409747168151915,tracker,M1b_bglmer
base_image,0.162585678614426,tracker,M1b_bglmer
case_id,2.11257901593158,tracker,M1s_glmer_case
cve,0,tracker,M1s_glmer_case
cve,0.46250106351865,tracker,M2_lmer_loss
base_image,0.00029625190926279,tracker,M2_lmer_loss
Residual,2.78434516079105,tracker,M2_lmer_loss
cve,0.566445135174362,withheld,M1_glmer
base_image,0.136501281279492,withheld,M1_glmer
cve,0.573517686936441,withheld,M1b_bglmer
base_image,0.285731185592979,withheld,M1b_bglmer
case_id,3.07651671179772,withheld,M1s_glmer_case
cve,0,withheld,M1s_glmer_case
cve,0.649502595519612,withheld,M2_lmer_loss
base_image,0.0660342266529165,withheld,M2_lmer_loss
Residual,3.17573628600573,withheld,M2_lmer_loss
