model,attempt,error_type,n
gemma4_31b,attempt1,no_citation,47
gemma4_31b,attempt1,status_not_stated,620
gemma4_31b,attempt1,version_not_in_cited_evidence,138
gemma4_31b,attempt2,no_citation,39
gemma4_31b,attempt2,version_not_in_cited_evidence,48
granite41_30b,attempt1,status_not_stated,467
granite41_30b,attempt1,version_not_in_cited_evidence,21
granite41_30b,attempt2,version_not_in_cited_evidence,1
granite41_8b,attempt1,cited_id_missing,28
granite41_8b,attempt1,no_citation,2
granite41_8b,attempt1,status_not_stated,446
granite41_8b,attempt1,version_not_in_cited_evidence,213
granite41_8b,attempt2,no_citation,5
granite41_8b,attempt2,status_not_stated,1
granite41_8b,attempt2,version_not_in_cited_evidence,159
llama31_8b,attempt1,cited_id_missing,19
llama31_8b,attempt1,no_citation,81
llama31_8b,attempt1,status_contradicts_decision,10
llama31_8b,attempt1,status_not_stated,369
llama31_8b,attempt1,version_not_in_cited_evidence,156
llama31_8b,attempt2,no_citation,12
llama31_8b,attempt2,status_contradicts_decision,2
llama31_8b,attempt2,status_not_stated,14
llama31_8b,attempt2,version_not_in_cited_evidence,84
mistral_small_24b,attempt1,status_not_stated,439
mistral_small_24b,attempt1,version_not_in_cited_evidence,186
mistral_small_24b,attempt2,status_not_stated,2
mistral_small_24b,attempt2,version_not_in_cited_evidence,65
qwen3_14b,attempt1,status_not_stated,499
qwen3_14b,attempt1,version_not_in_cited_evidence,159
qwen3_14b,attempt2,version_not_in_cited_evidence,126
qwen3_4b,attempt1,cited_id_missing,1
qwen3_4b,attempt1,no_citation,2
qwen3_4b,attempt1,status_not_stated,518
qwen3_4b,attempt1,version_not_in_cited_evidence,121
qwen3_4b,attempt2,no_citation,5
qwen3_4b,attempt2,status_not_stated,30
qwen3_4b,attempt2,version_not_in_cited_evidence,97
