model,arm,n,first_pass,repaired,fallback,attempt1_fail,repair_success_given_fail
gemma4_31b,blind,414,0.30676328502415456,0.6497584541062802,0.043478260869565216,0.6932367149758454,0.9372822299651568
gemma4_31b,tracker,414,0.821256038647343,0.1570048309178744,0.021739130434782608,0.178743961352657,0.8783783783783784
gemma4_31b,withheld,414,0.30917874396135264,0.642512077294686,0.04830917874396135,0.6908212560386473,0.9300699300699301
granite41_30b,blind,414,0.5410628019323671,0.45893719806763283,0.0,0.45893719806763283,1.0
granite41_30b,tracker,414,0.7801932367149759,0.21980676328502416,0.0,0.21980676328502416,1.0
granite41_30b,withheld,414,0.5362318840579711,0.4613526570048309,0.0024154589371980675,0.463768115942029,0.9947916666666666
granite41_8b,blind,414,0.5314009661835749,0.45169082125603865,0.016908212560386472,0.46859903381642515,0.9639175257731959
granite41_8b,tracker,414,0.5893719806763285,0.1859903381642512,0.2246376811594203,0.4106280193236715,0.45294117647058824
granite41_8b,withheld,414,0.5193236714975845,0.463768115942029,0.016908212560386472,0.4806763285024155,0.964824120603015
llama31_8b,blind,414,0.5507246376811594,0.3888888888888889,0.06038647342995169,0.4492753623188406,0.8655913978494624
llama31_8b,tracker,414,0.7318840579710145,0.19082125603864733,0.07729468599033816,0.26811594202898553,0.7117117117117117
llama31_8b,withheld,414,0.5265700483091788,0.41304347826086957,0.06038647342995169,0.47342995169082125,0.8724489795918368
mistral_small_24b,blind,414,0.463768115942029,0.5120772946859904,0.024154589371980676,0.5362318840579711,0.954954954954955
mistral_small_24b,tracker,414,0.8309178743961353,0.1111111111111111,0.057971014492753624,0.16908212560386474,0.6571428571428571
mistral_small_24b,withheld,414,0.463768115942029,0.5144927536231884,0.021739130434782608,0.5362318840579711,0.9594594594594594
qwen3_14b,blind,414,0.43719806763285024,0.5434782608695652,0.01932367149758454,0.5628019323671497,0.9656652360515021
qwen3_14b,tracker,414,0.7294685990338164,0.0966183574879227,0.17391304347826086,0.27053140096618356,0.35714285714285715
qwen3_14b,withheld,414,0.4251207729468599,0.5579710144927537,0.016908212560386472,0.5748792270531401,0.9705882352941176
qwen3_4b,blind,414,0.4830917874396135,0.49033816425120774,0.026570048309178744,0.5169082125603864,0.9485981308411215
qwen3_4b,tracker,414,0.6135265700483091,0.18840579710144928,0.19806763285024154,0.3864734299516908,0.4875
qwen3_4b,withheld,414,0.46859903381642515,0.5048309178743962,0.026570048309178744,0.5314009661835749,0.95
gemma4_31b,ALL,1242,0.47906602254428343,0.4830917874396135,0.03784219001610306,0.5209339774557166,0.9273570324574961
granite41_30b,ALL,1242,0.6191626409017713,0.38003220611916266,0.0008051529790660225,0.3808373590982287,0.9978858350951374
granite41_8b,ALL,1242,0.5466988727858293,0.3671497584541063,0.0861513687600644,0.4533011272141707,0.8099467140319716
llama31_8b,ALL,1242,0.6030595813204509,0.3309178743961353,0.06602254428341385,0.3969404186795491,0.8336713995943205
mistral_small_24b,ALL,1242,0.5861513687600645,0.37922705314009664,0.03462157809983897,0.4138486312399356,0.9163424124513618
qwen3_14b,ALL,1242,0.5305958132045089,0.3993558776167472,0.07004830917874397,0.4694041867954911,0.8507718696397941
qwen3_4b,ALL,1242,0.5217391304347826,0.394524959742351,0.08373590982286634,0.4782608695652174,0.8249158249158249
ALL,blind,2898,0.47342995169082125,0.49930986887508627,0.027260179434092476,0.5265700483091788,0.9482306684141546
ALL,tracker,2898,0.728088336783989,0.1642512077294686,0.10766045548654245,0.27191166321601107,0.6040609137055838
ALL,withheld,2898,0.4641131815044858,0.5082815734989649,0.027605244996549344,0.5358868184955141,0.948486799742434
ALL,ALL,8694,0.5552104899930987,0.39061421670117324,0.05417529330572809,0.4447895100069013,0.878200155159038
