dataset,setting,arm,system,n,omission_1step_%,omission_2step_%,unestablished_at_decision_%,DER
d1,clean,blind,DC,2265,0.0,0.0,63.6,0.0
d1,clean,blind,S0_trivy,453,100.0,100.0,100.0,0.0
d1,clean,blind,S1,453,7.7,7.7,63.6,0.0
d1,clean,blind,S1p,453,7.7,7.7,63.6,0.0
d1,clean,blind,S2,2265,0.4,0.4,56.3,0.627
d1,clean,blind,S3,2265,1.6,1.6,57.4,0.314
d1,clean,tracker,DC,12880,0.0,0.0,0.0,0.0
d1,clean,tracker,DC_checklist,2000,0.0,0.0,0.2,0.0
d1,clean,tracker,DC_entropy,2000,0.0,0.0,0.0,0.0
d1,clean,tracker,DC_k1,906,0.0,0.0,0.0,0.0
d1,clean,tracker,DC_llmchoose,2000,0.0,0.0,0.0,0.0
d1,clean,tracker,DC_nofresh,906,0.0,0.0,0.0,0.0
d1,clean,tracker,DC_noverify,906,0.0,0.0,0.0,0.0
d1,clean,tracker,DC_random,2000,20.6,20.6,20.6,0.0
d1,clean,tracker,S0_grype,453,100.0,100.0,100.0,0.014
d1,clean,tracker,S0_osv,453,100.0,100.0,100.0,0.0
d1,clean,tracker,S0_trivy,453,100.0,100.0,100.0,0.0
d1,clean,tracker,S1,453,0.4,0.4,0.4,0.0
d1,clean,tracker,S1p,2265,0.0,0.0,0.0,0.0
d1,clean,tracker,S2,4530,0.0,0.0,0.0,0.496
d1,clean,tracker,S3,12880,5.9,5.9,5.9,0.264
d1,clean,tracker,S4,4530,5.5,5.5,5.5,0.264
d1,clean,tracker,S5,4530,6.2,6.2,6.2,0.291
d1,clean,withheld,DC,4530,1.3,1.3,33.6,0.0
d1,clean,withheld,DC_k1,906,1.3,1.3,33.6,0.0
d1,clean,withheld,DC_nofresh,906,1.3,1.3,33.6,0.0
d1,clean,withheld,DC_noverify,906,1.3,1.3,33.6,0.0
d1,clean,withheld,S0_grype,453,100.0,100.0,100.0,0.014
d1,clean,withheld,S0_osv,453,100.0,100.0,100.0,0.0
d1,clean,withheld,S0_trivy,453,100.0,100.0,100.0,0.0
d1,clean,withheld,S1,453,31.1,31.1,63.6,0.0
d1,clean,withheld,S1p,453,0.4,0.4,32.9,0.0
d1,clean,withheld,S2,4530,0.4,0.4,32.9,0.676
d1,clean,withheld,S3,4530,18.1,18.1,48.9,0.413
d1,clean,withheld,S4,4530,15.7,15.7,46.7,0.368
d1,clean,withheld,S5,4530,18.1,18.1,49.1,0.403
d1,drift,tracker,DC,2178,24.8,24.8,24.8,0.483
d1,drift,tracker,DC_k1,1089,24.8,24.8,24.8,0.483
d1,drift,tracker,DC_nofresh,1089,98.3,98.3,98.3,0.5
d1,drift,tracker,DCv21,1089,0.6,0.6,0.6,0.02
d1,drift,tracker,S1,242,25.6,25.6,25.6,0.483
d1,drift,tracker,S1p,242,24.8,24.8,24.8,0.483
d1,drift,tracker,S2,1089,0.0,0.0,0.0,0.65
d1,drift,tracker,S3,2178,53.6,53.6,53.6,0.595
d1,drift,tracker,S4,1089,63.9,63.9,63.9,0.63
d7,clean,blind,DC,5326,13.3,13.3,38.5,0.0
d7,clean,blind,DC_checklist,2000,9.6,9.6,42.7,0.0
d7,clean,blind,DC_entropy,2000,20.3,21.9,53.5,0.0
d7,clean,blind,DC_llmchoose,2000,9.6,9.6,42.7,0.0
d7,clean,blind,DC_noverify,3726,15.2,15.2,36.5,0.0
d7,clean,blind,DC_random,2000,9.6,9.6,43.6,0.0
d7,clean,blind,DCv21,3726,15.2,15.2,36.5,0.0
d7,clean,blind,DCv21b,336,15.2,15.2,36.3,0.0
d7,clean,blind,S0_grype,414,100.0,100.0,100.0,0.0
d7,clean,blind,S0_osv,414,100.0,100.0,100.0,0.0
d7,clean,blind,S0_trivy,414,100.0,100.0,100.0,0.0
d7,clean,blind,S1,414,53.6,53.6,74.9,0.0
d7,clean,blind,S1p,1214,25.0,39.0,64.7,0.0
d7,clean,blind,S2,3726,14.0,14.0,35.3,0.228
d7,clean,blind,S3,5326,20.9,20.9,49.7,0.274
d7,clean,tracker,DC,3726,1.4,1.4,1.4,0.0
d7,clean,tracker,DC_noverify,3726,1.4,1.4,1.4,0.0
d7,clean,tracker,DCv21,3726,0.0,0.0,0.0,0.0
d7,clean,tracker,DCv21b,336,0.0,0.0,0.0,0.0
d7,clean,tracker,S0_grype,414,100.0,100.0,100.0,0.48
d7,clean,tracker,S0_osv,414,100.0,100.0,100.0,0.196
d7,clean,tracker,S0_trivy,414,100.0,100.0,100.0,0.291
d7,clean,tracker,S1,414,32.1,32.1,32.1,0.0
d7,clean,tracker,S1p,414,13.5,13.5,13.5,0.0
d7,clean,tracker,S2,3726,0.0,0.0,0.0,0.347
d7,clean,tracker,S3,3726,14.0,14.0,16.1,0.205
d7,clean,tracker,S3I,828,19.2,19.2,20.7,0.25
d7,clean,withheld,DC,5326,22.5,22.5,38.5,0.0
d7,clean,withheld,DC_checklist,2000,16.9,16.9,42.7,0.0
d7,clean,withheld,DC_entropy,2000,29.9,31.5,53.5,0.0
d7,clean,withheld,DC_llmchoose,2000,16.9,16.9,42.7,0.0
d7,clean,withheld,DC_noverify,3726,24.4,24.4,36.5,0.0
d7,clean,withheld,DC_random,2000,16.9,16.9,43.6,0.0
d7,clean,withheld,DCt,3312,15.7,15.7,27.8,0.0
d7,clean,withheld,DCv21,3726,24.4,24.4,36.5,0.0
d7,clean,withheld,DCv21b,336,24.4,24.4,36.3,0.0
d7,clean,withheld,S0_grype,414,100.0,100.0,100.0,0.48
d7,clean,withheld,S0_osv,414,100.0,100.0,100.0,0.196
d7,clean,withheld,S0_trivy,414,100.0,100.0,100.0,0.291
d7,clean,withheld,S1,414,62.8,62.8,74.9,0.0
d7,clean,withheld,S1p,1214,34.0,48.1,64.7,0.0
d7,clean,withheld,S2,3726,14.0,14.0,26.1,0.542
d7,clean,withheld,S3,5326,28.7,28.7,46.8,0.338
d7,clean,withheld,S3I,828,34.7,34.8,48.4,0.375
d7,decoy,tracker,DC,832,0.0,0.0,0.0,0.0
d7,decoy,tracker,DC_noverify,832,0.0,0.0,0.0,0.0
d7,decoy,tracker,S3,832,22.4,22.4,30.8,0.254
d7,drift,tracker,DC,1440,16.8,16.8,16.8,0.272
d7,drift,tracker,DCv21,1440,0.7,0.7,0.7,0.02
d7,drift,tracker,S1,160,47.5,47.5,47.5,0.26
d7,drift,tracker,S1p,160,40.6,40.6,40.6,0.26
d7,drift,tracker,S2,1440,0.0,0.0,0.0,0.32
d7,drift,tracker,S3,1440,48.5,48.5,48.5,0.346
