dataset,system,relevant,redundant,irrelevant,misleading,questions_per_episode
d1,DC,0.383,0.195,0.422,0.0,4.058
d1,DC_checklist,0.784,0.005,0.211,0.0,2.038
d1,DC_entropy,0.791,0.0,0.209,0.0,2.01
d1,DC_k1,0.525,0.0,0.475,0.0,3.14
d1,DC_llmchoose,0.785,0.003,0.212,0.0,2.03
d1,DC_nofresh,0.462,0.0,0.538,0.0,2.774
d1,DC_noverify,0.413,0.0,0.587,0.0,3.82
d1,DC_random,0.471,0.0,0.529,0.0,3.373
d1,DCv21,0.834,0.001,0.165,0.0,2.51
d1,S0_grype,0.307,0.0,0.689,0.004,1.0
d1,S0_osv,0.311,0.0,0.689,0.0,1.0
d1,S0_trivy,0.208,0.0,0.792,0.0,1.0
d1,S1,0.647,0.0,0.353,0.0,2.0
d1,S1p,0.627,0.035,0.338,0.0,2.425
d1,S2,0.15,0.04,0.808,0.002,12.153
d1,S3,0.307,0.121,0.571,0.0,4.534
d1,S4,0.298,0.096,0.606,0.0,4.616
d1,S5,0.255,0.12,0.625,0.0,5.414
d7,DC,0.436,0.0,0.564,0.0,4.305
d7,DC_checklist,0.306,0.031,0.663,0.0,5.477
d7,DC_entropy,0.303,0.0,0.697,0.0,4.195
d7,DC_llmchoose,0.306,0.031,0.663,0.0,5.477
d7,DC_noverify,0.447,0.0,0.553,0.0,4.232
d7,DC_random,0.258,0.028,0.714,0.0,5.976
d7,DCt,0.375,0.0,0.625,0.0,5.461
d7,DCv21,0.425,0.026,0.549,0.0,4.555
d7,DCv21b,0.401,0.028,0.571,0.0,4.712
d7,S0_grype,0.143,0.0,0.728,0.129,1.0
d7,S0_osv,0.221,0.0,0.728,0.052,1.0
d7,S0_trivy,0.198,0.0,0.728,0.074,1.0
d7,S1,0.601,0.0,0.399,0.0,1.787
d7,S1p,0.525,0.0,0.475,0.0,2.206
d7,S2,0.18,0.039,0.768,0.014,12.422
d7,S3,0.254,0.068,0.672,0.006,6.204
d7,S3I,0.395,0.024,0.574,0.007,3.93
