dataset,model,n,omission,wasted_share,questions,DER,size_b
d1,qwen3_4b,2351,0.061,0.667,7.122,0.688,4
d1,granite41_8b,2351,0.124,0.6,4.078,0.432,8
d1,llama31_8b,2351,0.094,0.573,3.559,0.442,8
d1,qwen3_14b,3151,0.044,0.399,3.007,0.361,14
d1,mistral_small_24b,3151,0.1,0.454,3.388,0.237,24
d1,granite41_30b,1898,0.187,0.458,2.725,0.227,30
d1,gemma4_31b,1898,0.058,0.57,6.25,0.222,31
d1,nemotron_super_49b,1898,0.591,0.428,2.018,0.38,49
d1,glm45_air,906,0.06,0.746,8.364,0.364,106
d1,mistral_medium_128b,1898,0.019,0.659,8.318,0.182,128
d7,qwen3_4b,1506,0.18,0.705,8.826,0.423,4
d7,granite41_8b,1506,0.327,0.675,5.056,0.27,8
d7,llama31_8b,1506,0.232,0.666,6.14,0.294,8
d7,qwen3_14b,3106,0.292,0.661,4.593,0.488,14
d7,mistral_small_24b,3106,0.314,0.59,3.763,0.302,24
d7,granite41_30b,1506,0.248,0.512,3.876,0.208,30
d7,gemma4_31b,1506,0.146,0.559,7.246,0.07,31
d7,glm45_air,1402,0.197,0.735,9.499,0.251,106
d7,mistral_medium_128b,1506,0.123,0.729,11.365,0.09,128
