experiment,model,mode,cases,share_zero_llm_calls,mean_llm_calls,mean_tokens_all,median_tokens_all,mean_tokens_called,median_tokens_called,mean_latency_all,median_latency_all,mean_latency_called,median_latency_called,min_nonzero_tokens,min_nonzero_latency
deepcti_candidate_100_2026,llama3.1:8b,adaptive_memory,100,0.5,0.54,697.15,509.5,1394.3,1344.5,11.739657957999999,1.62441485,23.479315916,17.9022429,1019,3.2488297
deepcti_candidate_100_2026,mistral:latest,adaptive_memory,100,0.5,0.64,1115.34,704.0,2230.68,1858.0,4.025607083000001,2.34948515,8.051214166000001,6.562771850000001,1408,4.6989703
deepcti_candidate_100_2026,qwen2.5:7b,adaptive_memory,100,0.5,0.6,885.84,602.0,1771.68,1544.0,3.0992042489999996,2.28703455,6.198408497999999,5.0520643,1204,4.5740691
deepcti_expanded_models_100_2026,gemma3:12b,adaptive_memory,100,0.5,0.57,971.7,626.5,1943.4,1802.5,7.226784263000001,3.35040705,14.453568526000002,13.466674399999999,1253,6.7008141
deepcti_expanded_models_100_2026,phi4:14b,adaptive_memory,100,0.5,0.64,960.85,609.0,1921.7,1552.0,14.935772551000003,4.7061854499999995,29.871545102,11.5719839,1218,9.412370899999999
deepcti_expanded_models_100_2026,qwen3:8b,adaptive_memory,100,0.5,0.54,820.3,598.0,1640.6,1634.0,7.170432043999998,2.2941930999999998,14.340864087999996,7.0045018500000005,1196,4.5883861999999995
deepcti_mode_comparison_100_2026,llama3.1:8b,adaptive_memory,100,0.5,0.54,697.15,509.5,1394.3,1344.5,2.393944621,1.5628777,4.787889242,3.8146696,1019,3.1257554
deepcti_mode_comparison_100_2026,llama3.1:8b,evidence_equal_one_shot,100,0.0,1.0,1304.16,1291.5,1304.16,1291.5,6.691153075999999,6.440813,6.691153075999999,6.440813,1065,3.6894501
deepcti_mode_comparison_100_2026,llama3.1:8b,initial_one_shot,100,0.0,1.0,1077.68,1076.5,1077.68,1076.5,5.954117826,6.05425165,5.954117826,6.05425165,893,3.5387439
deepcti_mode_comparison_100_2026,llama3.1:8b,iterative_no_memory,100,0.0,3.0,3511.54,3476.5,3511.54,3476.5,31.961702338000006,18.26572815,31.961702338000006,18.26572815,2997,10.969655999999999
deepcti_mode_comparison_100_2026,llama3.1:8b,rag_once,100,0.0,1.0,1267.59,1260.0,1267.59,1260.0,6.168747717,5.973502400000001,6.168747717,5.973502400000001,1061,3.8529281
deepcti_mode_comparison_100_2026,mistral:latest,adaptive_memory,100,0.5,0.64,1115.34,704.0,2230.68,1858.0,3.9972953179999995,2.2983789000000003,7.994590635999999,6.458474799999999,1408,4.596757800000001
deepcti_mode_comparison_100_2026,mistral:latest,evidence_equal_one_shot,100,0.0,1.0,1722.9,1708.0,1722.9,1708.0,13.157601939,9.865928449999998,13.157601939,9.865928449999998,1373,6.0286317
deepcti_mode_comparison_100_2026,mistral:latest,initial_one_shot,100,0.0,1.0,1365.12,1414.0,1365.12,1414.0,7.280334379000436,7.60608885,7.280334379000436,7.60608885,1124,3.9268596
deepcti_mode_comparison_100_2026,mistral:latest,iterative_no_memory,100,0.0,2.96,4586.01,4618.0,4586.01,4618.0,23.65676153599969,23.713572749999997,23.65676153599969,23.713572749999997,1877,13.1150279
deepcti_mode_comparison_100_2026,mistral:latest,rag_once,100,0.0,1.0,1711.3,1713.0,1711.3,1713.0,351.56064362999996,17.7607328,351.56064362999996,17.7607328,1321,3.0441988999955356
deepcti_mode_comparison_100_2026,qwen2.5:7b,adaptive_memory,100,0.5,0.6,885.84,602.0,1771.68,1544.0,9.649029208,2.0634740000000003,19.298058416,4.750003899999999,1204,4.1269480000000005
deepcti_mode_comparison_100_2026,qwen2.5:7b,evidence_equal_one_shot,100,0.0,1.0,1350.86,1359.5,1350.86,1359.5,5.789355594,5.93094885,5.789355594,5.93094885,1147,3.3672332000000003
deepcti_mode_comparison_100_2026,qwen2.5:7b,initial_one_shot,100,0.0,1.0,1029.7,1010.5,1029.7,1010.5,4.815840167999999,4.3626799,4.815840167999999,4.3626799,858,2.1863763
deepcti_mode_comparison_100_2026,qwen2.5:7b,iterative_no_memory,100,0.0,3.0,3481.87,3529.0,3481.87,3529.0,17.379971513,17.306392950000003,17.379971513,17.306392950000003,2895,8.472362500000001
deepcti_mode_comparison_100_2026,qwen2.5:7b,rag_once,100,0.0,1.0,1355.67,1366.5,1355.67,1366.5,37.23887135700001,7.2927912,37.23887135700001,7.2927912,1157,3.6054036999999997
e0_controller_only,none,controller_only,100,0.5,1.0,0.0,0.0,0.0,0.0,0.0,0.0,0.0,0.0,0,0.0
