model,mode,case_id,step,k,pool_size,retrieved,retrieved_all_of_pool
llama3.1:8b,iterative_no_memory,DCTI-KEV-001-CVE-2002-0367,0,8,2,2,1
llama3.1:8b,iterative_no_memory,DCTI-KEV-001-CVE-2002-0367,1,8,3,3,1
llama3.1:8b,iterative_no_memory,DCTI-KEV-001-CVE-2002-0367,2,8,4,4,1
llama3.1:8b,iterative_no_memory,DCTI-KEV-002-CVE-2004-0210,0,8,2,2,1
llama3.1:8b,iterative_no_memory,DCTI-KEV-002-CVE-2004-0210,1,8,3,3,1
llama3.1:8b,iterative_no_memory,DCTI-KEV-002-CVE-2004-0210,2,8,4,4,1
llama3.1:8b,iterative_no_memory,DCTI-KEV-003-CVE-2004-1464,0,8,2,2,1
llama3.1:8b,iterative_no_memory,DCTI-KEV-003-CVE-2004-1464,1,8,3,3,1
llama3.1:8b,iterative_no_memory,DCTI-KEV-003-CVE-2004-1464,2,8,4,4,1
llama3.1:8b,iterative_no_memory,DCTI-KEV-004-CVE-2005-2773,0,8,2,2,1
llama3.1:8b,iterative_no_memory,DCTI-KEV-004-CVE-2005-2773,1,8,3,3,1
llama3.1:8b,iterative_no_memory,DCTI-KEV-004-CVE-2005-2773,2,8,4,4,1
llama3.1:8b,iterative_no_memory,DCTI-KEV-005-CVE-2006-1547,0,8,2,2,1
llama3.1:8b,iterative_no_memory,DCTI-KEV-005-CVE-2006-1547,1,8,3,3,1
llama3.1:8b,iterative_no_memory,DCTI-KEV-005-CVE-2006-1547,2,8,4,4,1
llama3.1:8b,iterative_no_memory,DCTI-KEV-006-CVE-2006-2492,0,8,2,2,1
llama3.1:8b,iterative_no_memory,DCTI-KEV-006-CVE-2006-2492,1,8,3,3,1
llama3.1:8b,iterative_no_memory,DCTI-KEV-006-CVE-2006-2492,2,8,4,4,1
llama3.1:8b,iterative_no_memory,DCTI-KEV-007-CVE-2007-0671,0,8,2,2,1
llama3.1:8b,iterative_no_memory,DCTI-KEV-007-CVE-2007-0671,1,8,3,3,1
llama3.1:8b,iterative_no_memory,DCTI-KEV-007-CVE-2007-0671,2,8,4,4,1
llama3.1:8b,iterative_no_memory,DCTI-KEV-008-CVE-2007-3010,0,8,2,2,1
llama3.1:8b,iterative_no_memory,DCTI-KEV-008-CVE-2007-3010,1,8,3,3,1
llama3.1:8b,iterative_no_memory,DCTI-KEV-008-CVE-2007-3010,2,8,4,4,1
llama3.1:8b,iterative_no_memory,DCTI-KEV-009-CVE-2007-5659,0,8,2,2,1
llama3.1:8b,iterative_no_memory,DCTI-KEV-009-CVE-2007-5659,1,8,3,3,1
llama3.1:8b,iterative_no_memory,DCTI-KEV-009-CVE-2007-5659,2,8,4,4,1
llama3.1:8b,iterative_no_memory,DCTI-KEV-010-CVE-2008-0015,0,8,2,2,1
llama3.1:8b,iterative_no_memory,DCTI-KEV-010-CVE-2008-0015,1,8,3,3,1
llama3.1:8b,iterative_no_memory,DCTI-KEV-010-CVE-2008-0015,2,8,4,4,1
llama3.1:8b,iterative_no_memory,DCTI-KEV-011-CVE-2008-0655,0,8,2,2,1
llama3.1:8b,iterative_no_memory,DCTI-KEV-011-CVE-2008-0655,1,8,3,3,1
llama3.1:8b,iterative_no_memory,DCTI-KEV-011-CVE-2008-0655,2,8,4,4,1
llama3.1:8b,iterative_no_memory,DCTI-KEV-012-CVE-2008-2992,0,8,2,2,1
llama3.1:8b,iterative_no_memory,DCTI-KEV-012-CVE-2008-2992,1,8,3,3,1
llama3.1:8b,iterative_no_memory,DCTI-KEV-012-CVE-2008-2992,2,8,4,4,1
llama3.1:8b,iterative_no_memory,DCTI-KEV-013-CVE-2008-3431,0,8,2,2,1
llama3.1:8b,iterative_no_memory,DCTI-KEV-013-CVE-2008-3431,1,8,3,3,1
llama3.1:8b,iterative_no_memory,DCTI-KEV-013-CVE-2008-3431,2,8,4,4,1
llama3.1:8b,iterative_no_memory,DCTI-KEV-014-CVE-2008-4128,0,8,2,2,1
llama3.1:8b,iterative_no_memory,DCTI-KEV-014-CVE-2008-4128,1,8,3,3,1
llama3.1:8b,iterative_no_memory,DCTI-KEV-014-CVE-2008-4128,2,8,4,4,1
llama3.1:8b,iterative_no_memory,DCTI-KEV-015-CVE-2008-4250,0,8,2,2,1
llama3.1:8b,iterative_no_memory,DCTI-KEV-015-CVE-2008-4250,1,8,3,3,1
llama3.1:8b,iterative_no_memory,DCTI-KEV-015-CVE-2008-4250,2,8,4,4,1
llama3.1:8b,iterative_no_memory,DCTI-KEV-016-CVE-2009-0238,0,8,2,2,1
llama3.1:8b,iterative_no_memory,DCTI-KEV-016-CVE-2009-0238,1,8,3,3,1
llama3.1:8b,iterative_no_memory,DCTI-KEV-016-CVE-2009-0238,2,8,4,4,1
llama3.1:8b,iterative_no_memory,DCTI-KEV-017-CVE-2009-0556,0,8,2,2,1
llama3.1:8b,iterative_no_memory,DCTI-KEV-017-CVE-2009-0556,1,8,3,3,1
llama3.1:8b,iterative_no_memory,DCTI-KEV-017-CVE-2009-0556,2,8,4,4,1
llama3.1:8b,iterative_no_memory,DCTI-KEV-018-CVE-2009-0557,0,8,2,2,1
llama3.1:8b,iterative_no_memory,DCTI-KEV-018-CVE-2009-0557,1,8,3,3,1
llama3.1:8b,iterative_no_memory,DCTI-KEV-018-CVE-2009-0557,2,8,4,4,1
llama3.1:8b,iterative_no_memory,DCTI-KEV-019-CVE-2009-0563,0,8,2,2,1
llama3.1:8b,iterative_no_memory,DCTI-KEV-019-CVE-2009-0563,1,8,3,3,1
llama3.1:8b,iterative_no_memory,DCTI-KEV-019-CVE-2009-0563,2,8,4,4,1
llama3.1:8b,iterative_no_memory,DCTI-KEV-020-CVE-2009-0927,0,8,2,2,1
llama3.1:8b,iterative_no_memory,DCTI-KEV-020-CVE-2009-0927,1,8,3,3,1
llama3.1:8b,iterative_no_memory,DCTI-KEV-020-CVE-2009-0927,2,8,4,4,1
llama3.1:8b,iterative_no_memory,DCTI-KEV-021-CVE-2009-1123,0,8,2,2,1
llama3.1:8b,iterative_no_memory,DCTI-KEV-021-CVE-2009-1123,1,8,3,3,1
llama3.1:8b,iterative_no_memory,DCTI-KEV-021-CVE-2009-1123,2,8,4,4,1
llama3.1:8b,iterative_no_memory,DCTI-KEV-022-CVE-2009-1151,0,8,2,2,1
llama3.1:8b,iterative_no_memory,DCTI-KEV-022-CVE-2009-1151,1,8,3,3,1
llama3.1:8b,iterative_no_memory,DCTI-KEV-022-CVE-2009-1151,2,8,4,4,1
llama3.1:8b,iterative_no_memory,DCTI-KEV-023-CVE-2009-1537,0,8,2,2,1
llama3.1:8b,iterative_no_memory,DCTI-KEV-023-CVE-2009-1537,1,8,3,3,1
llama3.1:8b,iterative_no_memory,DCTI-KEV-023-CVE-2009-1537,2,8,4,4,1
llama3.1:8b,iterative_no_memory,DCTI-KEV-024-CVE-2009-1862,0,8,2,2,1
llama3.1:8b,iterative_no_memory,DCTI-KEV-024-CVE-2009-1862,1,8,3,3,1
llama3.1:8b,iterative_no_memory,DCTI-KEV-024-CVE-2009-1862,2,8,4,4,1
llama3.1:8b,iterative_no_memory,DCTI-KEV-025-CVE-2009-2055,0,8,2,2,1
llama3.1:8b,iterative_no_memory,DCTI-KEV-025-CVE-2009-2055,1,8,3,3,1
llama3.1:8b,iterative_no_memory,DCTI-KEV-025-CVE-2009-2055,2,8,4,4,1
llama3.1:8b,iterative_no_memory,DCTI-KEV-026-CVE-2009-3129,0,8,2,2,1
llama3.1:8b,iterative_no_memory,DCTI-KEV-026-CVE-2009-3129,1,8,3,3,1
llama3.1:8b,iterative_no_memory,DCTI-KEV-026-CVE-2009-3129,2,8,4,4,1
llama3.1:8b,iterative_no_memory,DCTI-KEV-027-CVE-2009-3459,0,8,2,2,1
llama3.1:8b,iterative_no_memory,DCTI-KEV-027-CVE-2009-3459,1,8,3,3,1
llama3.1:8b,iterative_no_memory,DCTI-KEV-027-CVE-2009-3459,2,8,4,4,1
llama3.1:8b,iterative_no_memory,DCTI-KEV-028-CVE-2009-3953,0,8,2,2,1
llama3.1:8b,iterative_no_memory,DCTI-KEV-028-CVE-2009-3953,1,8,3,3,1
llama3.1:8b,iterative_no_memory,DCTI-KEV-028-CVE-2009-3953,2,8,4,4,1
llama3.1:8b,iterative_no_memory,DCTI-KEV-029-CVE-2009-3960,0,8,2,2,1
llama3.1:8b,iterative_no_memory,DCTI-KEV-029-CVE-2009-3960,1,8,3,3,1
llama3.1:8b,iterative_no_memory,DCTI-KEV-029-CVE-2009-3960,2,8,4,4,1
llama3.1:8b,iterative_no_memory,DCTI-KEV-030-CVE-2009-4324,0,8,2,2,1
llama3.1:8b,iterative_no_memory,DCTI-KEV-030-CVE-2009-4324,1,8,3,3,1
llama3.1:8b,iterative_no_memory,DCTI-KEV-030-CVE-2009-4324,2,8,4,4,1
llama3.1:8b,iterative_no_memory,DCTI-KEV-031-CVE-2010-0188,0,8,2,2,1
llama3.1:8b,iterative_no_memory,DCTI-KEV-031-CVE-2010-0188,1,8,3,3,1
llama3.1:8b,iterative_no_memory,DCTI-KEV-031-CVE-2010-0188,2,8,4,4,1
llama3.1:8b,iterative_no_memory,DCTI-KEV-032-CVE-2010-0232,0,8,2,2,1
llama3.1:8b,iterative_no_memory,DCTI-KEV-032-CVE-2010-0232,1,8,3,3,1
llama3.1:8b,iterative_no_memory,DCTI-KEV-032-CVE-2010-0232,2,8,4,4,1
llama3.1:8b,iterative_no_memory,DCTI-KEV-033-CVE-2010-0249,0,8,2,2,1
llama3.1:8b,iterative_no_memory,DCTI-KEV-033-CVE-2010-0249,1,8,3,3,1
llama3.1:8b,iterative_no_memory,DCTI-KEV-033-CVE-2010-0249,2,8,4,4,1
llama3.1:8b,iterative_no_memory,DCTI-KEV-034-CVE-2010-0738,0,8,2,2,1
llama3.1:8b,iterative_no_memory,DCTI-KEV-034-CVE-2010-0738,1,8,3,3,1
llama3.1:8b,iterative_no_memory,DCTI-KEV-034-CVE-2010-0738,2,8,4,4,1
llama3.1:8b,iterative_no_memory,DCTI-KEV-035-CVE-2010-0806,0,8,2,2,1
llama3.1:8b,iterative_no_memory,DCTI-KEV-035-CVE-2010-0806,1,8,3,3,1
llama3.1:8b,iterative_no_memory,DCTI-KEV-035-CVE-2010-0806,2,8,4,4,1
llama3.1:8b,iterative_no_memory,DCTI-KEV-036-CVE-2010-0840,0,8,2,2,1
llama3.1:8b,iterative_no_memory,DCTI-KEV-036-CVE-2010-0840,1,8,3,3,1
llama3.1:8b,iterative_no_memory,DCTI-KEV-036-CVE-2010-0840,2,8,4,4,1
llama3.1:8b,iterative_no_memory,DCTI-KEV-037-CVE-2010-1297,0,8,2,2,1
llama3.1:8b,iterative_no_memory,DCTI-KEV-037-CVE-2010-1297,1,8,3,3,1
llama3.1:8b,iterative_no_memory,DCTI-KEV-037-CVE-2010-1297,2,8,4,4,1
llama3.1:8b,iterative_no_memory,DCTI-KEV-038-CVE-2010-1428,0,8,2,2,1
llama3.1:8b,iterative_no_memory,DCTI-KEV-038-CVE-2010-1428,1,8,3,3,1
llama3.1:8b,iterative_no_memory,DCTI-KEV-038-CVE-2010-1428,2,8,4,4,1
llama3.1:8b,iterative_no_memory,DCTI-KEV-039-CVE-2010-1871,0,8,2,2,1
llama3.1:8b,iterative_no_memory,DCTI-KEV-039-CVE-2010-1871,1,8,3,3,1
llama3.1:8b,iterative_no_memory,DCTI-KEV-039-CVE-2010-1871,2,8,4,4,1
llama3.1:8b,iterative_no_memory,DCTI-KEV-040-CVE-2010-2568,0,8,2,2,1
llama3.1:8b,iterative_no_memory,DCTI-KEV-040-CVE-2010-2568,1,8,3,3,1
llama3.1:8b,iterative_no_memory,DCTI-KEV-040-CVE-2010-2568,2,8,4,4,1
llama3.1:8b,iterative_no_memory,DCTI-KEV-041-CVE-2010-2572,0,8,2,2,1
llama3.1:8b,iterative_no_memory,DCTI-KEV-041-CVE-2010-2572,1,8,3,3,1
llama3.1:8b,iterative_no_memory,DCTI-KEV-041-CVE-2010-2572,2,8,4,4,1
llama3.1:8b,iterative_no_memory,DCTI-KEV-042-CVE-2010-2861,0,8,2,2,1
llama3.1:8b,iterative_no_memory,DCTI-KEV-042-CVE-2010-2861,1,8,3,3,1
llama3.1:8b,iterative_no_memory,DCTI-KEV-042-CVE-2010-2861,2,8,4,4,1
llama3.1:8b,iterative_no_memory,DCTI-KEV-043-CVE-2010-2883,0,8,2,2,1
llama3.1:8b,iterative_no_memory,DCTI-KEV-043-CVE-2010-2883,1,8,3,3,1
llama3.1:8b,iterative_no_memory,DCTI-KEV-043-CVE-2010-2883,2,8,4,4,1
llama3.1:8b,iterative_no_memory,DCTI-KEV-044-CVE-2010-3035,0,8,2,2,1
llama3.1:8b,iterative_no_memory,DCTI-KEV-044-CVE-2010-3035,1,8,3,3,1
llama3.1:8b,iterative_no_memory,DCTI-KEV-044-CVE-2010-3035,2,8,4,4,1
llama3.1:8b,iterative_no_memory,DCTI-KEV-045-CVE-2010-3333,0,8,2,2,1
llama3.1:8b,iterative_no_memory,DCTI-KEV-045-CVE-2010-3333,1,8,3,3,1
llama3.1:8b,iterative_no_memory,DCTI-KEV-045-CVE-2010-3333,2,8,4,4,1
llama3.1:8b,iterative_no_memory,DCTI-KEV-046-CVE-2010-3765,0,8,2,2,1
llama3.1:8b,iterative_no_memory,DCTI-KEV-046-CVE-2010-3765,1,8,3,3,1
llama3.1:8b,iterative_no_memory,DCTI-KEV-046-CVE-2010-3765,2,8,4,4,1
llama3.1:8b,iterative_no_memory,DCTI-KEV-047-CVE-2010-3904,0,8,2,2,1
llama3.1:8b,iterative_no_memory,DCTI-KEV-047-CVE-2010-3904,1,8,3,3,1
llama3.1:8b,iterative_no_memory,DCTI-KEV-047-CVE-2010-3904,2,8,4,4,1
llama3.1:8b,iterative_no_memory,DCTI-KEV-048-CVE-2010-3962,0,8,2,2,1
llama3.1:8b,iterative_no_memory,DCTI-KEV-048-CVE-2010-3962,1,8,3,3,1
llama3.1:8b,iterative_no_memory,DCTI-KEV-048-CVE-2010-3962,2,8,4,4,1
llama3.1:8b,iterative_no_memory,DCTI-KEV-049-CVE-2010-4344,0,8,2,2,1
llama3.1:8b,iterative_no_memory,DCTI-KEV-049-CVE-2010-4344,1,8,3,3,1
llama3.1:8b,iterative_no_memory,DCTI-KEV-049-CVE-2010-4344,2,8,4,4,1
llama3.1:8b,iterative_no_memory,DCTI-KEV-050-CVE-2010-4345,0,8,2,2,1
llama3.1:8b,iterative_no_memory,DCTI-KEV-050-CVE-2010-4345,1,8,3,3,1
llama3.1:8b,iterative_no_memory,DCTI-KEV-050-CVE-2010-4345,2,8,4,4,1
llama3.1:8b,iterative_no_memory,DCTI-KEV-051-CVE-2010-4398,0,8,2,2,1
llama3.1:8b,iterative_no_memory,DCTI-KEV-051-CVE-2010-4398,1,8,3,3,1
llama3.1:8b,iterative_no_memory,DCTI-KEV-051-CVE-2010-4398,2,8,4,4,1
llama3.1:8b,iterative_no_memory,DCTI-KEV-052-CVE-2010-5326,0,8,2,2,1
llama3.1:8b,iterative_no_memory,DCTI-KEV-052-CVE-2010-5326,1,8,3,3,1
llama3.1:8b,iterative_no_memory,DCTI-KEV-052-CVE-2010-5326,2,8,4,4,1
llama3.1:8b,iterative_no_memory,DCTI-KEV-053-CVE-2010-5330,0,8,2,2,1
llama3.1:8b,iterative_no_memory,DCTI-KEV-053-CVE-2010-5330,1,8,3,3,1
llama3.1:8b,iterative_no_memory,DCTI-KEV-053-CVE-2010-5330,2,8,4,4,1
llama3.1:8b,iterative_no_memory,DCTI-KEV-054-CVE-2011-0609,0,8,2,2,1
llama3.1:8b,iterative_no_memory,DCTI-KEV-054-CVE-2011-0609,1,8,3,3,1
llama3.1:8b,iterative_no_memory,DCTI-KEV-054-CVE-2011-0609,2,8,4,4,1
llama3.1:8b,iterative_no_memory,DCTI-KEV-055-CVE-2011-0611,0,8,2,2,1
llama3.1:8b,iterative_no_memory,DCTI-KEV-055-CVE-2011-0611,1,8,3,3,1
llama3.1:8b,iterative_no_memory,DCTI-KEV-055-CVE-2011-0611,2,8,4,4,1
llama3.1:8b,iterative_no_memory,DCTI-KEV-056-CVE-2011-1823,0,8,2,2,1
llama3.1:8b,iterative_no_memory,DCTI-KEV-056-CVE-2011-1823,1,8,3,3,1
llama3.1:8b,iterative_no_memory,DCTI-KEV-056-CVE-2011-1823,2,8,4,4,1
llama3.1:8b,iterative_no_memory,DCTI-KEV-057-CVE-2011-1889,0,8,2,2,1
llama3.1:8b,iterative_no_memory,DCTI-KEV-057-CVE-2011-1889,1,8,3,3,1
llama3.1:8b,iterative_no_memory,DCTI-KEV-057-CVE-2011-1889,2,8,4,4,1
llama3.1:8b,iterative_no_memory,DCTI-KEV-058-CVE-2011-2005,0,8,2,2,1
llama3.1:8b,iterative_no_memory,DCTI-KEV-058-CVE-2011-2005,1,8,3,3,1
llama3.1:8b,iterative_no_memory,DCTI-KEV-058-CVE-2011-2005,2,8,4,4,1
llama3.1:8b,iterative_no_memory,DCTI-KEV-059-CVE-2011-2462,0,8,2,2,1
llama3.1:8b,iterative_no_memory,DCTI-KEV-059-CVE-2011-2462,1,8,3,3,1
llama3.1:8b,iterative_no_memory,DCTI-KEV-059-CVE-2011-2462,2,8,4,4,1
llama3.1:8b,iterative_no_memory,DCTI-KEV-060-CVE-2011-3402,0,8,2,2,1
llama3.1:8b,iterative_no_memory,DCTI-KEV-060-CVE-2011-3402,1,8,3,3,1
llama3.1:8b,iterative_no_memory,DCTI-KEV-060-CVE-2011-3402,2,8,4,4,1
llama3.1:8b,iterative_no_memory,DCTI-KEV-061-CVE-2011-3544,0,8,2,2,1
llama3.1:8b,iterative_no_memory,DCTI-KEV-061-CVE-2011-3544,1,8,3,3,1
llama3.1:8b,iterative_no_memory,DCTI-KEV-061-CVE-2011-3544,2,8,4,4,1
llama3.1:8b,iterative_no_memory,DCTI-KEV-062-CVE-2011-4723,0,8,2,2,1
llama3.1:8b,iterative_no_memory,DCTI-KEV-062-CVE-2011-4723,1,8,3,3,1
llama3.1:8b,iterative_no_memory,DCTI-KEV-062-CVE-2011-4723,2,8,4,4,1
llama3.1:8b,iterative_no_memory,DCTI-KEV-063-CVE-2012-0151,0,8,2,2,1
llama3.1:8b,iterative_no_memory,DCTI-KEV-063-CVE-2012-0151,1,8,3,3,1
llama3.1:8b,iterative_no_memory,DCTI-KEV-063-CVE-2012-0151,2,8,4,4,1
llama3.1:8b,iterative_no_memory,DCTI-KEV-064-CVE-2012-0158,0,8,2,2,1
llama3.1:8b,iterative_no_memory,DCTI-KEV-064-CVE-2012-0158,1,8,3,3,1
llama3.1:8b,iterative_no_memory,DCTI-KEV-064-CVE-2012-0158,2,8,4,4,1
llama3.1:8b,iterative_no_memory,DCTI-KEV-065-CVE-2012-0391,0,8,2,2,1
llama3.1:8b,iterative_no_memory,DCTI-KEV-065-CVE-2012-0391,1,8,3,3,1
llama3.1:8b,iterative_no_memory,DCTI-KEV-065-CVE-2012-0391,2,8,4,4,1
llama3.1:8b,iterative_no_memory,DCTI-KEV-066-CVE-2012-0507,0,8,2,2,1
llama3.1:8b,iterative_no_memory,DCTI-KEV-066-CVE-2012-0507,1,8,3,3,1
llama3.1:8b,iterative_no_memory,DCTI-KEV-066-CVE-2012-0507,2,8,4,4,1
llama3.1:8b,iterative_no_memory,DCTI-KEV-067-CVE-2012-0518,0,8,2,2,1
llama3.1:8b,iterative_no_memory,DCTI-KEV-067-CVE-2012-0518,1,8,3,3,1
llama3.1:8b,iterative_no_memory,DCTI-KEV-067-CVE-2012-0518,2,8,4,4,1
llama3.1:8b,iterative_no_memory,DCTI-KEV-068-CVE-2012-0754,0,8,2,2,1
llama3.1:8b,iterative_no_memory,DCTI-KEV-068-CVE-2012-0754,1,8,3,3,1
llama3.1:8b,iterative_no_memory,DCTI-KEV-068-CVE-2012-0754,2,8,4,4,1
llama3.1:8b,iterative_no_memory,DCTI-KEV-069-CVE-2012-0767,0,8,2,2,1
llama3.1:8b,iterative_no_memory,DCTI-KEV-069-CVE-2012-0767,1,8,3,3,1
llama3.1:8b,iterative_no_memory,DCTI-KEV-069-CVE-2012-0767,2,8,4,4,1
llama3.1:8b,iterative_no_memory,DCTI-KEV-070-CVE-2012-1535,0,8,2,2,1
llama3.1:8b,iterative_no_memory,DCTI-KEV-070-CVE-2012-1535,1,8,3,3,1
llama3.1:8b,iterative_no_memory,DCTI-KEV-070-CVE-2012-1535,2,8,4,4,1
llama3.1:8b,iterative_no_memory,DCTI-KEV-071-CVE-2012-1710,0,8,2,2,1
llama3.1:8b,iterative_no_memory,DCTI-KEV-071-CVE-2012-1710,1,8,3,3,1
llama3.1:8b,iterative_no_memory,DCTI-KEV-071-CVE-2012-1710,2,8,4,4,1
llama3.1:8b,iterative_no_memory,DCTI-KEV-072-CVE-2012-1723,0,8,2,2,1
llama3.1:8b,iterative_no_memory,DCTI-KEV-072-CVE-2012-1723,1,8,3,3,1
llama3.1:8b,iterative_no_memory,DCTI-KEV-072-CVE-2012-1723,2,8,4,4,1
llama3.1:8b,iterative_no_memory,DCTI-KEV-073-CVE-2012-1823,0,8,2,2,1
llama3.1:8b,iterative_no_memory,DCTI-KEV-073-CVE-2012-1823,1,8,3,3,1
llama3.1:8b,iterative_no_memory,DCTI-KEV-073-CVE-2012-1823,2,8,4,4,1
llama3.1:8b,iterative_no_memory,DCTI-KEV-074-CVE-2012-1854,0,8,2,2,1
llama3.1:8b,iterative_no_memory,DCTI-KEV-074-CVE-2012-1854,1,8,3,3,1
llama3.1:8b,iterative_no_memory,DCTI-KEV-074-CVE-2012-1854,2,8,4,4,1
llama3.1:8b,iterative_no_memory,DCTI-KEV-075-CVE-2012-1856,0,8,2,2,1
llama3.1:8b,iterative_no_memory,DCTI-KEV-075-CVE-2012-1856,1,8,3,3,1
llama3.1:8b,iterative_no_memory,DCTI-KEV-075-CVE-2012-1856,2,8,4,4,1
llama3.1:8b,iterative_no_memory,DCTI-KEV-076-CVE-2012-1889,0,8,2,2,1
llama3.1:8b,iterative_no_memory,DCTI-KEV-076-CVE-2012-1889,1,8,3,3,1
llama3.1:8b,iterative_no_memory,DCTI-KEV-076-CVE-2012-1889,2,8,4,4,1
llama3.1:8b,iterative_no_memory,DCTI-KEV-077-CVE-2012-2034,0,8,2,2,1
llama3.1:8b,iterative_no_memory,DCTI-KEV-077-CVE-2012-2034,1,8,3,3,1
llama3.1:8b,iterative_no_memory,DCTI-KEV-077-CVE-2012-2034,2,8,4,4,1
llama3.1:8b,iterative_no_memory,DCTI-KEV-078-CVE-2012-2539,0,8,2,2,1
llama3.1:8b,iterative_no_memory,DCTI-KEV-078-CVE-2012-2539,1,8,3,3,1
llama3.1:8b,iterative_no_memory,DCTI-KEV-078-CVE-2012-2539,2,8,4,4,1
llama3.1:8b,iterative_no_memory,DCTI-KEV-079-CVE-2012-3152,0,8,2,2,1
llama3.1:8b,iterative_no_memory,DCTI-KEV-079-CVE-2012-3152,1,8,3,3,1
llama3.1:8b,iterative_no_memory,DCTI-KEV-079-CVE-2012-3152,2,8,4,4,1
llama3.1:8b,iterative_no_memory,DCTI-KEV-080-CVE-2012-4681,0,8,2,2,1
llama3.1:8b,iterative_no_memory,DCTI-KEV-080-CVE-2012-4681,1,8,3,3,1
llama3.1:8b,iterative_no_memory,DCTI-KEV-080-CVE-2012-4681,2,8,4,4,1
llama3.1:8b,iterative_no_memory,DCTI-KEV-081-CVE-2012-4792,0,8,2,2,1
llama3.1:8b,iterative_no_memory,DCTI-KEV-081-CVE-2012-4792,1,8,3,3,1
llama3.1:8b,iterative_no_memory,DCTI-KEV-081-CVE-2012-4792,2,8,4,4,1
llama3.1:8b,iterative_no_memory,DCTI-KEV-082-CVE-2012-4969,0,8,2,2,1
llama3.1:8b,iterative_no_memory,DCTI-KEV-082-CVE-2012-4969,1,8,3,3,1
llama3.1:8b,iterative_no_memory,DCTI-KEV-082-CVE-2012-4969,2,8,4,4,1
llama3.1:8b,iterative_no_memory,DCTI-KEV-083-CVE-2012-5054,0,8,2,2,1
llama3.1:8b,iterative_no_memory,DCTI-KEV-083-CVE-2012-5054,1,8,3,3,1
llama3.1:8b,iterative_no_memory,DCTI-KEV-083-CVE-2012-5054,2,8,4,4,1
llama3.1:8b,iterative_no_memory,DCTI-KEV-084-CVE-2012-5076,0,8,2,2,1
llama3.1:8b,iterative_no_memory,DCTI-KEV-084-CVE-2012-5076,1,8,3,3,1
llama3.1:8b,iterative_no_memory,DCTI-KEV-084-CVE-2012-5076,2,8,4,4,1
llama3.1:8b,iterative_no_memory,DCTI-KEV-085-CVE-2013-0074,0,8,2,2,1
llama3.1:8b,iterative_no_memory,DCTI-KEV-085-CVE-2013-0074,1,8,3,3,1
llama3.1:8b,iterative_no_memory,DCTI-KEV-085-CVE-2013-0074,2,8,4,4,1
llama3.1:8b,iterative_no_memory,DCTI-KEV-086-CVE-2013-0422,0,8,2,2,1
llama3.1:8b,iterative_no_memory,DCTI-KEV-086-CVE-2013-0422,1,8,3,3,1
llama3.1:8b,iterative_no_memory,DCTI-KEV-086-CVE-2013-0422,2,8,4,4,1
llama3.1:8b,iterative_no_memory,DCTI-KEV-087-CVE-2013-0431,0,8,2,2,1
llama3.1:8b,iterative_no_memory,DCTI-KEV-087-CVE-2013-0431,1,8,3,3,1
llama3.1:8b,iterative_no_memory,DCTI-KEV-087-CVE-2013-0431,2,8,4,4,1
llama3.1:8b,iterative_no_memory,DCTI-KEV-088-CVE-2013-0625,0,8,2,2,1
llama3.1:8b,iterative_no_memory,DCTI-KEV-088-CVE-2013-0625,1,8,3,3,1
llama3.1:8b,iterative_no_memory,DCTI-KEV-088-CVE-2013-0625,2,8,4,4,1
llama3.1:8b,iterative_no_memory,DCTI-KEV-089-CVE-2013-0629,0,8,2,2,1
llama3.1:8b,iterative_no_memory,DCTI-KEV-089-CVE-2013-0629,1,8,3,3,1
llama3.1:8b,iterative_no_memory,DCTI-KEV-089-CVE-2013-0629,2,8,4,4,1
llama3.1:8b,iterative_no_memory,DCTI-KEV-090-CVE-2013-0631,0,8,2,2,1
llama3.1:8b,iterative_no_memory,DCTI-KEV-090-CVE-2013-0631,1,8,3,3,1
llama3.1:8b,iterative_no_memory,DCTI-KEV-090-CVE-2013-0631,2,8,4,4,1
llama3.1:8b,iterative_no_memory,DCTI-KEV-091-CVE-2013-0632,0,8,2,2,1
llama3.1:8b,iterative_no_memory,DCTI-KEV-091-CVE-2013-0632,1,8,3,3,1
llama3.1:8b,iterative_no_memory,DCTI-KEV-091-CVE-2013-0632,2,8,4,4,1
llama3.1:8b,iterative_no_memory,DCTI-KEV-092-CVE-2013-0640,0,8,2,2,1
llama3.1:8b,iterative_no_memory,DCTI-KEV-092-CVE-2013-0640,1,8,3,3,1
llama3.1:8b,iterative_no_memory,DCTI-KEV-092-CVE-2013-0640,2,8,4,4,1
llama3.1:8b,iterative_no_memory,DCTI-KEV-093-CVE-2013-0641,0,8,2,2,1
llama3.1:8b,iterative_no_memory,DCTI-KEV-093-CVE-2013-0641,1,8,3,3,1
llama3.1:8b,iterative_no_memory,DCTI-KEV-093-CVE-2013-0641,2,8,4,4,1
llama3.1:8b,iterative_no_memory,DCTI-KEV-094-CVE-2013-0643,0,8,2,2,1
llama3.1:8b,iterative_no_memory,DCTI-KEV-094-CVE-2013-0643,1,8,3,3,1
llama3.1:8b,iterative_no_memory,DCTI-KEV-094-CVE-2013-0643,2,8,4,4,1
llama3.1:8b,iterative_no_memory,DCTI-KEV-095-CVE-2013-0648,0,8,2,2,1
llama3.1:8b,iterative_no_memory,DCTI-KEV-095-CVE-2013-0648,1,8,3,3,1
llama3.1:8b,iterative_no_memory,DCTI-KEV-095-CVE-2013-0648,2,8,4,4,1
llama3.1:8b,iterative_no_memory,DCTI-KEV-096-CVE-2013-1331,0,8,2,2,1
llama3.1:8b,iterative_no_memory,DCTI-KEV-096-CVE-2013-1331,1,8,3,3,1
llama3.1:8b,iterative_no_memory,DCTI-KEV-096-CVE-2013-1331,2,8,4,4,1
llama3.1:8b,iterative_no_memory,DCTI-KEV-097-CVE-2013-1347,0,8,2,2,1
llama3.1:8b,iterative_no_memory,DCTI-KEV-097-CVE-2013-1347,1,8,3,3,1
llama3.1:8b,iterative_no_memory,DCTI-KEV-097-CVE-2013-1347,2,8,4,4,1
llama3.1:8b,iterative_no_memory,DCTI-KEV-098-CVE-2013-1675,0,8,2,2,1
llama3.1:8b,iterative_no_memory,DCTI-KEV-098-CVE-2013-1675,1,8,3,3,1
llama3.1:8b,iterative_no_memory,DCTI-KEV-098-CVE-2013-1675,2,8,4,4,1
llama3.1:8b,iterative_no_memory,DCTI-KEV-099-CVE-2013-1690,0,8,2,2,1
llama3.1:8b,iterative_no_memory,DCTI-KEV-099-CVE-2013-1690,1,8,3,3,1
llama3.1:8b,iterative_no_memory,DCTI-KEV-099-CVE-2013-1690,2,8,4,4,1
llama3.1:8b,iterative_no_memory,DCTI-KEV-100-CVE-2013-2094,0,8,2,2,1
llama3.1:8b,iterative_no_memory,DCTI-KEV-100-CVE-2013-2094,1,8,3,3,1
llama3.1:8b,iterative_no_memory,DCTI-KEV-100-CVE-2013-2094,2,8,4,4,1
llama3.1:8b,rag_once,DCTI-KEV-001-CVE-2002-0367,2,8,4,4,1
llama3.1:8b,rag_once,DCTI-KEV-002-CVE-2004-0210,2,8,4,4,1
llama3.1:8b,rag_once,DCTI-KEV-003-CVE-2004-1464,2,8,4,4,1
llama3.1:8b,rag_once,DCTI-KEV-004-CVE-2005-2773,2,8,4,4,1
llama3.1:8b,rag_once,DCTI-KEV-005-CVE-2006-1547,2,8,4,4,1
llama3.1:8b,rag_once,DCTI-KEV-006-CVE-2006-2492,2,8,4,4,1
llama3.1:8b,rag_once,DCTI-KEV-007-CVE-2007-0671,2,8,4,4,1
llama3.1:8b,rag_once,DCTI-KEV-008-CVE-2007-3010,2,8,4,4,1
llama3.1:8b,rag_once,DCTI-KEV-009-CVE-2007-5659,2,8,4,4,1
llama3.1:8b,rag_once,DCTI-KEV-010-CVE-2008-0015,2,8,4,4,1
llama3.1:8b,rag_once,DCTI-KEV-011-CVE-2008-0655,2,8,4,4,1
llama3.1:8b,rag_once,DCTI-KEV-012-CVE-2008-2992,2,8,4,4,1
llama3.1:8b,rag_once,DCTI-KEV-013-CVE-2008-3431,2,8,4,4,1
llama3.1:8b,rag_once,DCTI-KEV-014-CVE-2008-4128,2,8,4,4,1
llama3.1:8b,rag_once,DCTI-KEV-015-CVE-2008-4250,2,8,4,4,1
llama3.1:8b,rag_once,DCTI-KEV-016-CVE-2009-0238,2,8,4,4,1
llama3.1:8b,rag_once,DCTI-KEV-017-CVE-2009-0556,2,8,4,4,1
llama3.1:8b,rag_once,DCTI-KEV-018-CVE-2009-0557,2,8,4,4,1
llama3.1:8b,rag_once,DCTI-KEV-019-CVE-2009-0563,2,8,4,4,1
llama3.1:8b,rag_once,DCTI-KEV-020-CVE-2009-0927,2,8,4,4,1
llama3.1:8b,rag_once,DCTI-KEV-021-CVE-2009-1123,2,8,4,4,1
llama3.1:8b,rag_once,DCTI-KEV-022-CVE-2009-1151,2,8,4,4,1
llama3.1:8b,rag_once,DCTI-KEV-023-CVE-2009-1537,2,8,4,4,1
llama3.1:8b,rag_once,DCTI-KEV-024-CVE-2009-1862,2,8,4,4,1
llama3.1:8b,rag_once,DCTI-KEV-025-CVE-2009-2055,2,8,4,4,1
llama3.1:8b,rag_once,DCTI-KEV-026-CVE-2009-3129,2,8,4,4,1
llama3.1:8b,rag_once,DCTI-KEV-027-CVE-2009-3459,2,8,4,4,1
llama3.1:8b,rag_once,DCTI-KEV-028-CVE-2009-3953,2,8,4,4,1
llama3.1:8b,rag_once,DCTI-KEV-029-CVE-2009-3960,2,8,4,4,1
llama3.1:8b,rag_once,DCTI-KEV-030-CVE-2009-4324,2,8,4,4,1
llama3.1:8b,rag_once,DCTI-KEV-031-CVE-2010-0188,2,8,4,4,1
llama3.1:8b,rag_once,DCTI-KEV-032-CVE-2010-0232,2,8,4,4,1
llama3.1:8b,rag_once,DCTI-KEV-033-CVE-2010-0249,2,8,4,4,1
llama3.1:8b,rag_once,DCTI-KEV-034-CVE-2010-0738,2,8,4,4,1
llama3.1:8b,rag_once,DCTI-KEV-035-CVE-2010-0806,2,8,4,4,1
llama3.1:8b,rag_once,DCTI-KEV-036-CVE-2010-0840,2,8,4,4,1
llama3.1:8b,rag_once,DCTI-KEV-037-CVE-2010-1297,2,8,4,4,1
llama3.1:8b,rag_once,DCTI-KEV-038-CVE-2010-1428,2,8,4,4,1
llama3.1:8b,rag_once,DCTI-KEV-039-CVE-2010-1871,2,8,4,4,1
llama3.1:8b,rag_once,DCTI-KEV-040-CVE-2010-2568,2,8,4,4,1
llama3.1:8b,rag_once,DCTI-KEV-041-CVE-2010-2572,2,8,4,4,1
llama3.1:8b,rag_once,DCTI-KEV-042-CVE-2010-2861,2,8,4,4,1
llama3.1:8b,rag_once,DCTI-KEV-043-CVE-2010-2883,2,8,4,4,1
llama3.1:8b,rag_once,DCTI-KEV-044-CVE-2010-3035,2,8,4,4,1
llama3.1:8b,rag_once,DCTI-KEV-045-CVE-2010-3333,2,8,4,4,1
llama3.1:8b,rag_once,DCTI-KEV-046-CVE-2010-3765,2,8,4,4,1
llama3.1:8b,rag_once,DCTI-KEV-047-CVE-2010-3904,2,8,4,4,1
llama3.1:8b,rag_once,DCTI-KEV-048-CVE-2010-3962,2,8,4,4,1
llama3.1:8b,rag_once,DCTI-KEV-049-CVE-2010-4344,2,8,4,4,1
llama3.1:8b,rag_once,DCTI-KEV-050-CVE-2010-4345,2,8,4,4,1
llama3.1:8b,rag_once,DCTI-KEV-051-CVE-2010-4398,2,8,4,4,1
llama3.1:8b,rag_once,DCTI-KEV-052-CVE-2010-5326,2,8,4,4,1
llama3.1:8b,rag_once,DCTI-KEV-053-CVE-2010-5330,2,8,4,4,1
llama3.1:8b,rag_once,DCTI-KEV-054-CVE-2011-0609,2,8,4,4,1
llama3.1:8b,rag_once,DCTI-KEV-055-CVE-2011-0611,2,8,4,4,1
llama3.1:8b,rag_once,DCTI-KEV-056-CVE-2011-1823,2,8,4,4,1
llama3.1:8b,rag_once,DCTI-KEV-057-CVE-2011-1889,2,8,4,4,1
llama3.1:8b,rag_once,DCTI-KEV-058-CVE-2011-2005,2,8,4,4,1
llama3.1:8b,rag_once,DCTI-KEV-059-CVE-2011-2462,2,8,4,4,1
llama3.1:8b,rag_once,DCTI-KEV-060-CVE-2011-3402,2,8,4,4,1
llama3.1:8b,rag_once,DCTI-KEV-061-CVE-2011-3544,2,8,4,4,1
llama3.1:8b,rag_once,DCTI-KEV-062-CVE-2011-4723,2,8,4,4,1
llama3.1:8b,rag_once,DCTI-KEV-063-CVE-2012-0151,2,8,4,4,1
llama3.1:8b,rag_once,DCTI-KEV-064-CVE-2012-0158,2,8,4,4,1
llama3.1:8b,rag_once,DCTI-KEV-065-CVE-2012-0391,2,8,4,4,1
llama3.1:8b,rag_once,DCTI-KEV-066-CVE-2012-0507,2,8,4,4,1
llama3.1:8b,rag_once,DCTI-KEV-067-CVE-2012-0518,2,8,4,4,1
llama3.1:8b,rag_once,DCTI-KEV-068-CVE-2012-0754,2,8,4,4,1
llama3.1:8b,rag_once,DCTI-KEV-069-CVE-2012-0767,2,8,4,4,1
llama3.1:8b,rag_once,DCTI-KEV-070-CVE-2012-1535,2,8,4,4,1
llama3.1:8b,rag_once,DCTI-KEV-071-CVE-2012-1710,2,8,4,4,1
llama3.1:8b,rag_once,DCTI-KEV-072-CVE-2012-1723,2,8,4,4,1
llama3.1:8b,rag_once,DCTI-KEV-073-CVE-2012-1823,2,8,4,4,1
llama3.1:8b,rag_once,DCTI-KEV-074-CVE-2012-1854,2,8,4,4,1
llama3.1:8b,rag_once,DCTI-KEV-075-CVE-2012-1856,2,8,4,4,1
llama3.1:8b,rag_once,DCTI-KEV-076-CVE-2012-1889,2,8,4,4,1
llama3.1:8b,rag_once,DCTI-KEV-077-CVE-2012-2034,2,8,4,4,1
llama3.1:8b,rag_once,DCTI-KEV-078-CVE-2012-2539,2,8,4,4,1
llama3.1:8b,rag_once,DCTI-KEV-079-CVE-2012-3152,2,8,4,4,1
llama3.1:8b,rag_once,DCTI-KEV-080-CVE-2012-4681,2,8,4,4,1
llama3.1:8b,rag_once,DCTI-KEV-081-CVE-2012-4792,2,8,4,4,1
llama3.1:8b,rag_once,DCTI-KEV-082-CVE-2012-4969,2,8,4,4,1
llama3.1:8b,rag_once,DCTI-KEV-083-CVE-2012-5054,2,8,4,4,1
llama3.1:8b,rag_once,DCTI-KEV-084-CVE-2012-5076,2,8,4,4,1
llama3.1:8b,rag_once,DCTI-KEV-085-CVE-2013-0074,2,8,4,4,1
llama3.1:8b,rag_once,DCTI-KEV-086-CVE-2013-0422,2,8,4,4,1
llama3.1:8b,rag_once,DCTI-KEV-087-CVE-2013-0431,2,8,4,4,1
llama3.1:8b,rag_once,DCTI-KEV-088-CVE-2013-0625,2,8,4,4,1
llama3.1:8b,rag_once,DCTI-KEV-089-CVE-2013-0629,2,8,4,4,1
llama3.1:8b,rag_once,DCTI-KEV-090-CVE-2013-0631,2,8,4,4,1
llama3.1:8b,rag_once,DCTI-KEV-091-CVE-2013-0632,2,8,4,4,1
llama3.1:8b,rag_once,DCTI-KEV-092-CVE-2013-0640,2,8,4,4,1
llama3.1:8b,rag_once,DCTI-KEV-093-CVE-2013-0641,2,8,4,4,1
llama3.1:8b,rag_once,DCTI-KEV-094-CVE-2013-0643,2,8,4,4,1
llama3.1:8b,rag_once,DCTI-KEV-095-CVE-2013-0648,2,8,4,4,1
llama3.1:8b,rag_once,DCTI-KEV-096-CVE-2013-1331,2,8,4,4,1
llama3.1:8b,rag_once,DCTI-KEV-097-CVE-2013-1347,2,8,4,4,1
llama3.1:8b,rag_once,DCTI-KEV-098-CVE-2013-1675,2,8,4,4,1
llama3.1:8b,rag_once,DCTI-KEV-099-CVE-2013-1690,2,8,4,4,1
llama3.1:8b,rag_once,DCTI-KEV-100-CVE-2013-2094,2,8,4,4,1
mistral:latest,iterative_no_memory,DCTI-KEV-001-CVE-2002-0367,0,8,2,2,1
mistral:latest,iterative_no_memory,DCTI-KEV-001-CVE-2002-0367,1,8,3,3,1
mistral:latest,iterative_no_memory,DCTI-KEV-001-CVE-2002-0367,2,8,4,4,1
mistral:latest,iterative_no_memory,DCTI-KEV-002-CVE-2004-0210,0,8,2,2,1
mistral:latest,iterative_no_memory,DCTI-KEV-002-CVE-2004-0210,1,8,3,3,1
mistral:latest,iterative_no_memory,DCTI-KEV-002-CVE-2004-0210,2,8,4,4,1
mistral:latest,iterative_no_memory,DCTI-KEV-003-CVE-2004-1464,0,8,2,2,1
mistral:latest,iterative_no_memory,DCTI-KEV-003-CVE-2004-1464,1,8,3,3,1
mistral:latest,iterative_no_memory,DCTI-KEV-003-CVE-2004-1464,2,8,4,4,1
mistral:latest,iterative_no_memory,DCTI-KEV-004-CVE-2005-2773,0,8,2,2,1
mistral:latest,iterative_no_memory,DCTI-KEV-004-CVE-2005-2773,1,8,3,3,1
mistral:latest,iterative_no_memory,DCTI-KEV-004-CVE-2005-2773,2,8,4,4,1
mistral:latest,iterative_no_memory,DCTI-KEV-005-CVE-2006-1547,0,8,2,2,1
mistral:latest,iterative_no_memory,DCTI-KEV-005-CVE-2006-1547,1,8,3,3,1
mistral:latest,iterative_no_memory,DCTI-KEV-005-CVE-2006-1547,2,8,4,4,1
mistral:latest,iterative_no_memory,DCTI-KEV-006-CVE-2006-2492,0,8,2,2,1
mistral:latest,iterative_no_memory,DCTI-KEV-006-CVE-2006-2492,1,8,3,3,1
mistral:latest,iterative_no_memory,DCTI-KEV-006-CVE-2006-2492,2,8,4,4,1
mistral:latest,iterative_no_memory,DCTI-KEV-007-CVE-2007-0671,0,8,2,2,1
mistral:latest,iterative_no_memory,DCTI-KEV-007-CVE-2007-0671,1,8,3,3,1
mistral:latest,iterative_no_memory,DCTI-KEV-007-CVE-2007-0671,2,8,4,4,1
mistral:latest,iterative_no_memory,DCTI-KEV-008-CVE-2007-3010,0,8,2,2,1
mistral:latest,iterative_no_memory,DCTI-KEV-008-CVE-2007-3010,1,8,3,3,1
mistral:latest,iterative_no_memory,DCTI-KEV-008-CVE-2007-3010,2,8,4,4,1
mistral:latest,iterative_no_memory,DCTI-KEV-009-CVE-2007-5659,0,8,2,2,1
mistral:latest,iterative_no_memory,DCTI-KEV-009-CVE-2007-5659,1,8,3,3,1
mistral:latest,iterative_no_memory,DCTI-KEV-009-CVE-2007-5659,2,8,4,4,1
mistral:latest,iterative_no_memory,DCTI-KEV-010-CVE-2008-0015,0,8,2,2,1
mistral:latest,iterative_no_memory,DCTI-KEV-010-CVE-2008-0015,1,8,3,3,1
mistral:latest,iterative_no_memory,DCTI-KEV-010-CVE-2008-0015,2,8,4,4,1
mistral:latest,iterative_no_memory,DCTI-KEV-011-CVE-2008-0655,0,8,2,2,1
mistral:latest,iterative_no_memory,DCTI-KEV-011-CVE-2008-0655,1,8,3,3,1
mistral:latest,iterative_no_memory,DCTI-KEV-011-CVE-2008-0655,2,8,4,4,1
mistral:latest,iterative_no_memory,DCTI-KEV-012-CVE-2008-2992,0,8,2,2,1
mistral:latest,iterative_no_memory,DCTI-KEV-012-CVE-2008-2992,1,8,3,3,1
mistral:latest,iterative_no_memory,DCTI-KEV-012-CVE-2008-2992,2,8,4,4,1
mistral:latest,iterative_no_memory,DCTI-KEV-013-CVE-2008-3431,0,8,2,2,1
mistral:latest,iterative_no_memory,DCTI-KEV-013-CVE-2008-3431,1,8,3,3,1
mistral:latest,iterative_no_memory,DCTI-KEV-013-CVE-2008-3431,2,8,4,4,1
mistral:latest,iterative_no_memory,DCTI-KEV-014-CVE-2008-4128,0,8,2,2,1
mistral:latest,iterative_no_memory,DCTI-KEV-014-CVE-2008-4128,1,8,3,3,1
mistral:latest,iterative_no_memory,DCTI-KEV-014-CVE-2008-4128,2,8,4,4,1
mistral:latest,iterative_no_memory,DCTI-KEV-015-CVE-2008-4250,0,8,2,2,1
mistral:latest,iterative_no_memory,DCTI-KEV-015-CVE-2008-4250,1,8,3,3,1
mistral:latest,iterative_no_memory,DCTI-KEV-015-CVE-2008-4250,2,8,4,4,1
mistral:latest,iterative_no_memory,DCTI-KEV-016-CVE-2009-0238,0,8,2,2,1
mistral:latest,iterative_no_memory,DCTI-KEV-016-CVE-2009-0238,1,8,3,3,1
mistral:latest,iterative_no_memory,DCTI-KEV-016-CVE-2009-0238,2,8,4,4,1
mistral:latest,iterative_no_memory,DCTI-KEV-017-CVE-2009-0556,0,8,2,2,1
mistral:latest,iterative_no_memory,DCTI-KEV-017-CVE-2009-0556,1,8,3,3,1
mistral:latest,iterative_no_memory,DCTI-KEV-017-CVE-2009-0556,2,8,4,4,1
mistral:latest,iterative_no_memory,DCTI-KEV-018-CVE-2009-0557,0,8,2,2,1
mistral:latest,iterative_no_memory,DCTI-KEV-018-CVE-2009-0557,1,8,3,3,1
mistral:latest,iterative_no_memory,DCTI-KEV-018-CVE-2009-0557,2,8,4,4,1
mistral:latest,iterative_no_memory,DCTI-KEV-019-CVE-2009-0563,0,8,2,2,1
mistral:latest,iterative_no_memory,DCTI-KEV-019-CVE-2009-0563,1,8,3,3,1
mistral:latest,iterative_no_memory,DCTI-KEV-019-CVE-2009-0563,2,8,4,4,1
mistral:latest,iterative_no_memory,DCTI-KEV-020-CVE-2009-0927,0,8,2,2,1
mistral:latest,iterative_no_memory,DCTI-KEV-020-CVE-2009-0927,1,8,3,3,1
mistral:latest,iterative_no_memory,DCTI-KEV-020-CVE-2009-0927,2,8,4,4,1
mistral:latest,iterative_no_memory,DCTI-KEV-021-CVE-2009-1123,0,8,2,2,1
mistral:latest,iterative_no_memory,DCTI-KEV-021-CVE-2009-1123,1,8,3,3,1
mistral:latest,iterative_no_memory,DCTI-KEV-021-CVE-2009-1123,2,8,4,4,1
mistral:latest,iterative_no_memory,DCTI-KEV-022-CVE-2009-1151,0,8,2,2,1
mistral:latest,iterative_no_memory,DCTI-KEV-022-CVE-2009-1151,1,8,3,3,1
mistral:latest,iterative_no_memory,DCTI-KEV-022-CVE-2009-1151,2,8,4,4,1
mistral:latest,iterative_no_memory,DCTI-KEV-023-CVE-2009-1537,0,8,2,2,1
mistral:latest,iterative_no_memory,DCTI-KEV-023-CVE-2009-1537,1,8,3,3,1
mistral:latest,iterative_no_memory,DCTI-KEV-023-CVE-2009-1537,2,8,4,4,1
mistral:latest,iterative_no_memory,DCTI-KEV-024-CVE-2009-1862,0,8,2,2,1
mistral:latest,iterative_no_memory,DCTI-KEV-024-CVE-2009-1862,1,8,3,3,1
mistral:latest,iterative_no_memory,DCTI-KEV-024-CVE-2009-1862,2,8,4,4,1
mistral:latest,iterative_no_memory,DCTI-KEV-025-CVE-2009-2055,0,8,2,2,1
mistral:latest,iterative_no_memory,DCTI-KEV-025-CVE-2009-2055,1,8,3,3,1
mistral:latest,iterative_no_memory,DCTI-KEV-025-CVE-2009-2055,2,8,4,4,1
mistral:latest,iterative_no_memory,DCTI-KEV-026-CVE-2009-3129,0,8,2,2,1
mistral:latest,iterative_no_memory,DCTI-KEV-026-CVE-2009-3129,1,8,3,3,1
mistral:latest,iterative_no_memory,DCTI-KEV-026-CVE-2009-3129,2,8,4,4,1
mistral:latest,iterative_no_memory,DCTI-KEV-027-CVE-2009-3459,0,8,2,2,1
mistral:latest,iterative_no_memory,DCTI-KEV-027-CVE-2009-3459,1,8,3,3,1
mistral:latest,iterative_no_memory,DCTI-KEV-027-CVE-2009-3459,2,8,4,4,1
mistral:latest,iterative_no_memory,DCTI-KEV-028-CVE-2009-3953,0,8,2,2,1
mistral:latest,iterative_no_memory,DCTI-KEV-028-CVE-2009-3953,1,8,3,3,1
mistral:latest,iterative_no_memory,DCTI-KEV-028-CVE-2009-3953,2,8,4,4,1
mistral:latest,iterative_no_memory,DCTI-KEV-029-CVE-2009-3960,0,8,2,2,1
mistral:latest,iterative_no_memory,DCTI-KEV-029-CVE-2009-3960,1,8,3,3,1
mistral:latest,iterative_no_memory,DCTI-KEV-029-CVE-2009-3960,2,8,4,4,1
mistral:latest,iterative_no_memory,DCTI-KEV-030-CVE-2009-4324,0,8,2,2,1
mistral:latest,iterative_no_memory,DCTI-KEV-030-CVE-2009-4324,1,8,3,3,1
mistral:latest,iterative_no_memory,DCTI-KEV-030-CVE-2009-4324,2,8,4,4,1
mistral:latest,iterative_no_memory,DCTI-KEV-031-CVE-2010-0188,0,8,2,2,1
mistral:latest,iterative_no_memory,DCTI-KEV-031-CVE-2010-0188,1,8,3,3,1
mistral:latest,iterative_no_memory,DCTI-KEV-031-CVE-2010-0188,2,8,4,4,1
mistral:latest,iterative_no_memory,DCTI-KEV-032-CVE-2010-0232,0,8,2,2,1
mistral:latest,iterative_no_memory,DCTI-KEV-032-CVE-2010-0232,1,8,3,3,1
mistral:latest,iterative_no_memory,DCTI-KEV-032-CVE-2010-0232,2,8,4,4,1
mistral:latest,iterative_no_memory,DCTI-KEV-033-CVE-2010-0249,0,8,2,2,1
mistral:latest,iterative_no_memory,DCTI-KEV-033-CVE-2010-0249,1,8,3,3,1
mistral:latest,iterative_no_memory,DCTI-KEV-033-CVE-2010-0249,2,8,4,4,1
mistral:latest,iterative_no_memory,DCTI-KEV-034-CVE-2010-0738,0,8,2,2,1
mistral:latest,iterative_no_memory,DCTI-KEV-034-CVE-2010-0738,1,8,3,3,1
mistral:latest,iterative_no_memory,DCTI-KEV-034-CVE-2010-0738,2,8,4,4,1
mistral:latest,iterative_no_memory,DCTI-KEV-035-CVE-2010-0806,0,8,2,2,1
mistral:latest,iterative_no_memory,DCTI-KEV-035-CVE-2010-0806,1,8,3,3,1
mistral:latest,iterative_no_memory,DCTI-KEV-035-CVE-2010-0806,2,8,4,4,1
mistral:latest,iterative_no_memory,DCTI-KEV-036-CVE-2010-0840,0,8,2,2,1
mistral:latest,iterative_no_memory,DCTI-KEV-036-CVE-2010-0840,1,8,3,3,1
mistral:latest,iterative_no_memory,DCTI-KEV-036-CVE-2010-0840,2,8,4,4,1
mistral:latest,iterative_no_memory,DCTI-KEV-037-CVE-2010-1297,0,8,2,2,1
mistral:latest,iterative_no_memory,DCTI-KEV-037-CVE-2010-1297,1,8,3,3,1
mistral:latest,iterative_no_memory,DCTI-KEV-038-CVE-2010-1428,0,8,2,2,1
mistral:latest,iterative_no_memory,DCTI-KEV-038-CVE-2010-1428,1,8,3,3,1
mistral:latest,iterative_no_memory,DCTI-KEV-038-CVE-2010-1428,2,8,4,4,1
mistral:latest,iterative_no_memory,DCTI-KEV-039-CVE-2010-1871,0,8,2,2,1
mistral:latest,iterative_no_memory,DCTI-KEV-039-CVE-2010-1871,1,8,3,3,1
mistral:latest,iterative_no_memory,DCTI-KEV-039-CVE-2010-1871,2,8,4,4,1
mistral:latest,iterative_no_memory,DCTI-KEV-040-CVE-2010-2568,0,8,2,2,1
mistral:latest,iterative_no_memory,DCTI-KEV-040-CVE-2010-2568,1,8,3,3,1
mistral:latest,iterative_no_memory,DCTI-KEV-040-CVE-2010-2568,2,8,4,4,1
mistral:latest,iterative_no_memory,DCTI-KEV-041-CVE-2010-2572,0,8,2,2,1
mistral:latest,iterative_no_memory,DCTI-KEV-041-CVE-2010-2572,1,8,3,3,1
mistral:latest,iterative_no_memory,DCTI-KEV-041-CVE-2010-2572,2,8,4,4,1
mistral:latest,iterative_no_memory,DCTI-KEV-042-CVE-2010-2861,0,8,2,2,1
mistral:latest,iterative_no_memory,DCTI-KEV-042-CVE-2010-2861,1,8,3,3,1
mistral:latest,iterative_no_memory,DCTI-KEV-042-CVE-2010-2861,2,8,4,4,1
mistral:latest,iterative_no_memory,DCTI-KEV-043-CVE-2010-2883,0,8,2,2,1
mistral:latest,iterative_no_memory,DCTI-KEV-043-CVE-2010-2883,1,8,3,3,1
mistral:latest,iterative_no_memory,DCTI-KEV-043-CVE-2010-2883,2,8,4,4,1
mistral:latest,iterative_no_memory,DCTI-KEV-044-CVE-2010-3035,0,8,2,2,1
mistral:latest,iterative_no_memory,DCTI-KEV-044-CVE-2010-3035,1,8,3,3,1
mistral:latest,iterative_no_memory,DCTI-KEV-044-CVE-2010-3035,2,8,4,4,1
mistral:latest,iterative_no_memory,DCTI-KEV-045-CVE-2010-3333,0,8,2,2,1
mistral:latest,iterative_no_memory,DCTI-KEV-045-CVE-2010-3333,1,8,3,3,1
mistral:latest,iterative_no_memory,DCTI-KEV-045-CVE-2010-3333,2,8,4,4,1
mistral:latest,iterative_no_memory,DCTI-KEV-046-CVE-2010-3765,0,8,2,2,1
mistral:latest,iterative_no_memory,DCTI-KEV-046-CVE-2010-3765,1,8,3,3,1
mistral:latest,iterative_no_memory,DCTI-KEV-046-CVE-2010-3765,2,8,4,4,1
mistral:latest,iterative_no_memory,DCTI-KEV-047-CVE-2010-3904,0,8,2,2,1
mistral:latest,iterative_no_memory,DCTI-KEV-048-CVE-2010-3962,0,8,2,2,1
mistral:latest,iterative_no_memory,DCTI-KEV-048-CVE-2010-3962,1,8,3,3,1
mistral:latest,iterative_no_memory,DCTI-KEV-048-CVE-2010-3962,2,8,4,4,1
mistral:latest,iterative_no_memory,DCTI-KEV-049-CVE-2010-4344,0,8,2,2,1
mistral:latest,iterative_no_memory,DCTI-KEV-049-CVE-2010-4344,1,8,3,3,1
mistral:latest,iterative_no_memory,DCTI-KEV-049-CVE-2010-4344,2,8,4,4,1
mistral:latest,iterative_no_memory,DCTI-KEV-050-CVE-2010-4345,0,8,2,2,1
mistral:latest,iterative_no_memory,DCTI-KEV-050-CVE-2010-4345,1,8,3,3,1
mistral:latest,iterative_no_memory,DCTI-KEV-050-CVE-2010-4345,2,8,4,4,1
mistral:latest,iterative_no_memory,DCTI-KEV-051-CVE-2010-4398,0,8,2,2,1
mistral:latest,iterative_no_memory,DCTI-KEV-051-CVE-2010-4398,1,8,3,3,1
mistral:latest,iterative_no_memory,DCTI-KEV-051-CVE-2010-4398,2,8,4,4,1
mistral:latest,iterative_no_memory,DCTI-KEV-052-CVE-2010-5326,0,8,2,2,1
mistral:latest,iterative_no_memory,DCTI-KEV-052-CVE-2010-5326,1,8,3,3,1
mistral:latest,iterative_no_memory,DCTI-KEV-052-CVE-2010-5326,2,8,4,4,1
mistral:latest,iterative_no_memory,DCTI-KEV-053-CVE-2010-5330,0,8,2,2,1
mistral:latest,iterative_no_memory,DCTI-KEV-053-CVE-2010-5330,1,8,3,3,1
mistral:latest,iterative_no_memory,DCTI-KEV-053-CVE-2010-5330,2,8,4,4,1
mistral:latest,iterative_no_memory,DCTI-KEV-054-CVE-2011-0609,0,8,2,2,1
mistral:latest,iterative_no_memory,DCTI-KEV-054-CVE-2011-0609,1,8,3,3,1
mistral:latest,iterative_no_memory,DCTI-KEV-054-CVE-2011-0609,2,8,4,4,1
mistral:latest,iterative_no_memory,DCTI-KEV-055-CVE-2011-0611,0,8,2,2,1
mistral:latest,iterative_no_memory,DCTI-KEV-055-CVE-2011-0611,1,8,3,3,1
mistral:latest,iterative_no_memory,DCTI-KEV-056-CVE-2011-1823,0,8,2,2,1
mistral:latest,iterative_no_memory,DCTI-KEV-056-CVE-2011-1823,1,8,3,3,1
mistral:latest,iterative_no_memory,DCTI-KEV-056-CVE-2011-1823,2,8,4,4,1
mistral:latest,iterative_no_memory,DCTI-KEV-057-CVE-2011-1889,0,8,2,2,1
mistral:latest,iterative_no_memory,DCTI-KEV-057-CVE-2011-1889,1,8,3,3,1
mistral:latest,iterative_no_memory,DCTI-KEV-057-CVE-2011-1889,2,8,4,4,1
mistral:latest,iterative_no_memory,DCTI-KEV-058-CVE-2011-2005,0,8,2,2,1
mistral:latest,iterative_no_memory,DCTI-KEV-058-CVE-2011-2005,1,8,3,3,1
mistral:latest,iterative_no_memory,DCTI-KEV-058-CVE-2011-2005,2,8,4,4,1
mistral:latest,iterative_no_memory,DCTI-KEV-059-CVE-2011-2462,0,8,2,2,1
mistral:latest,iterative_no_memory,DCTI-KEV-059-CVE-2011-2462,1,8,3,3,1
mistral:latest,iterative_no_memory,DCTI-KEV-059-CVE-2011-2462,2,8,4,4,1
mistral:latest,iterative_no_memory,DCTI-KEV-060-CVE-2011-3402,0,8,2,2,1
mistral:latest,iterative_no_memory,DCTI-KEV-060-CVE-2011-3402,1,8,3,3,1
mistral:latest,iterative_no_memory,DCTI-KEV-060-CVE-2011-3402,2,8,4,4,1
mistral:latest,iterative_no_memory,DCTI-KEV-061-CVE-2011-3544,0,8,2,2,1
mistral:latest,iterative_no_memory,DCTI-KEV-061-CVE-2011-3544,1,8,3,3,1
mistral:latest,iterative_no_memory,DCTI-KEV-061-CVE-2011-3544,2,8,4,4,1
mistral:latest,iterative_no_memory,DCTI-KEV-062-CVE-2011-4723,0,8,2,2,1
mistral:latest,iterative_no_memory,DCTI-KEV-062-CVE-2011-4723,1,8,3,3,1
mistral:latest,iterative_no_memory,DCTI-KEV-062-CVE-2011-4723,2,8,4,4,1
mistral:latest,iterative_no_memory,DCTI-KEV-063-CVE-2012-0151,0,8,2,2,1
mistral:latest,iterative_no_memory,DCTI-KEV-063-CVE-2012-0151,1,8,3,3,1
mistral:latest,iterative_no_memory,DCTI-KEV-063-CVE-2012-0151,2,8,4,4,1
mistral:latest,iterative_no_memory,DCTI-KEV-064-CVE-2012-0158,0,8,2,2,1
mistral:latest,iterative_no_memory,DCTI-KEV-064-CVE-2012-0158,1,8,3,3,1
mistral:latest,iterative_no_memory,DCTI-KEV-064-CVE-2012-0158,2,8,4,4,1
mistral:latest,iterative_no_memory,DCTI-KEV-065-CVE-2012-0391,0,8,2,2,1
mistral:latest,iterative_no_memory,DCTI-KEV-065-CVE-2012-0391,1,8,3,3,1
mistral:latest,iterative_no_memory,DCTI-KEV-065-CVE-2012-0391,2,8,4,4,1
mistral:latest,iterative_no_memory,DCTI-KEV-066-CVE-2012-0507,0,8,2,2,1
mistral:latest,iterative_no_memory,DCTI-KEV-066-CVE-2012-0507,1,8,3,3,1
mistral:latest,iterative_no_memory,DCTI-KEV-066-CVE-2012-0507,2,8,4,4,1
mistral:latest,iterative_no_memory,DCTI-KEV-067-CVE-2012-0518,0,8,2,2,1
mistral:latest,iterative_no_memory,DCTI-KEV-067-CVE-2012-0518,1,8,3,3,1
mistral:latest,iterative_no_memory,DCTI-KEV-067-CVE-2012-0518,2,8,4,4,1
mistral:latest,iterative_no_memory,DCTI-KEV-068-CVE-2012-0754,0,8,2,2,1
mistral:latest,iterative_no_memory,DCTI-KEV-068-CVE-2012-0754,1,8,3,3,1
mistral:latest,iterative_no_memory,DCTI-KEV-068-CVE-2012-0754,2,8,4,4,1
mistral:latest,iterative_no_memory,DCTI-KEV-069-CVE-2012-0767,0,8,2,2,1
mistral:latest,iterative_no_memory,DCTI-KEV-069-CVE-2012-0767,1,8,3,3,1
mistral:latest,iterative_no_memory,DCTI-KEV-069-CVE-2012-0767,2,8,4,4,1
mistral:latest,iterative_no_memory,DCTI-KEV-070-CVE-2012-1535,0,8,2,2,1
mistral:latest,iterative_no_memory,DCTI-KEV-070-CVE-2012-1535,1,8,3,3,1
mistral:latest,iterative_no_memory,DCTI-KEV-070-CVE-2012-1535,2,8,4,4,1
mistral:latest,iterative_no_memory,DCTI-KEV-071-CVE-2012-1710,0,8,2,2,1
mistral:latest,iterative_no_memory,DCTI-KEV-071-CVE-2012-1710,1,8,3,3,1
mistral:latest,iterative_no_memory,DCTI-KEV-071-CVE-2012-1710,2,8,4,4,1
mistral:latest,iterative_no_memory,DCTI-KEV-072-CVE-2012-1723,0,8,2,2,1
mistral:latest,iterative_no_memory,DCTI-KEV-072-CVE-2012-1723,1,8,3,3,1
mistral:latest,iterative_no_memory,DCTI-KEV-072-CVE-2012-1723,2,8,4,4,1
mistral:latest,iterative_no_memory,DCTI-KEV-073-CVE-2012-1823,0,8,2,2,1
mistral:latest,iterative_no_memory,DCTI-KEV-073-CVE-2012-1823,1,8,3,3,1
mistral:latest,iterative_no_memory,DCTI-KEV-073-CVE-2012-1823,2,8,4,4,1
mistral:latest,iterative_no_memory,DCTI-KEV-074-CVE-2012-1854,0,8,2,2,1
mistral:latest,iterative_no_memory,DCTI-KEV-074-CVE-2012-1854,1,8,3,3,1
mistral:latest,iterative_no_memory,DCTI-KEV-074-CVE-2012-1854,2,8,4,4,1
mistral:latest,iterative_no_memory,DCTI-KEV-075-CVE-2012-1856,0,8,2,2,1
mistral:latest,iterative_no_memory,DCTI-KEV-075-CVE-2012-1856,1,8,3,3,1
mistral:latest,iterative_no_memory,DCTI-KEV-075-CVE-2012-1856,2,8,4,4,1
mistral:latest,iterative_no_memory,DCTI-KEV-076-CVE-2012-1889,0,8,2,2,1
mistral:latest,iterative_no_memory,DCTI-KEV-076-CVE-2012-1889,1,8,3,3,1
mistral:latest,iterative_no_memory,DCTI-KEV-076-CVE-2012-1889,2,8,4,4,1
mistral:latest,iterative_no_memory,DCTI-KEV-077-CVE-2012-2034,0,8,2,2,1
mistral:latest,iterative_no_memory,DCTI-KEV-077-CVE-2012-2034,1,8,3,3,1
mistral:latest,iterative_no_memory,DCTI-KEV-077-CVE-2012-2034,2,8,4,4,1
mistral:latest,iterative_no_memory,DCTI-KEV-078-CVE-2012-2539,0,8,2,2,1
mistral:latest,iterative_no_memory,DCTI-KEV-078-CVE-2012-2539,1,8,3,3,1
mistral:latest,iterative_no_memory,DCTI-KEV-078-CVE-2012-2539,2,8,4,4,1
mistral:latest,iterative_no_memory,DCTI-KEV-079-CVE-2012-3152,0,8,2,2,1
mistral:latest,iterative_no_memory,DCTI-KEV-079-CVE-2012-3152,1,8,3,3,1
mistral:latest,iterative_no_memory,DCTI-KEV-079-CVE-2012-3152,2,8,4,4,1
mistral:latest,iterative_no_memory,DCTI-KEV-080-CVE-2012-4681,0,8,2,2,1
mistral:latest,iterative_no_memory,DCTI-KEV-080-CVE-2012-4681,1,8,3,3,1
mistral:latest,iterative_no_memory,DCTI-KEV-080-CVE-2012-4681,2,8,4,4,1
mistral:latest,iterative_no_memory,DCTI-KEV-081-CVE-2012-4792,0,8,2,2,1
mistral:latest,iterative_no_memory,DCTI-KEV-081-CVE-2012-4792,1,8,3,3,1
mistral:latest,iterative_no_memory,DCTI-KEV-081-CVE-2012-4792,2,8,4,4,1
mistral:latest,iterative_no_memory,DCTI-KEV-082-CVE-2012-4969,0,8,2,2,1
mistral:latest,iterative_no_memory,DCTI-KEV-082-CVE-2012-4969,1,8,3,3,1
mistral:latest,iterative_no_memory,DCTI-KEV-082-CVE-2012-4969,2,8,4,4,1
mistral:latest,iterative_no_memory,DCTI-KEV-083-CVE-2012-5054,0,8,2,2,1
mistral:latest,iterative_no_memory,DCTI-KEV-083-CVE-2012-5054,1,8,3,3,1
mistral:latest,iterative_no_memory,DCTI-KEV-083-CVE-2012-5054,2,8,4,4,1
mistral:latest,iterative_no_memory,DCTI-KEV-084-CVE-2012-5076,0,8,2,2,1
mistral:latest,iterative_no_memory,DCTI-KEV-084-CVE-2012-5076,1,8,3,3,1
mistral:latest,iterative_no_memory,DCTI-KEV-084-CVE-2012-5076,2,8,4,4,1
mistral:latest,iterative_no_memory,DCTI-KEV-085-CVE-2013-0074,0,8,2,2,1
mistral:latest,iterative_no_memory,DCTI-KEV-085-CVE-2013-0074,1,8,3,3,1
mistral:latest,iterative_no_memory,DCTI-KEV-085-CVE-2013-0074,2,8,4,4,1
mistral:latest,iterative_no_memory,DCTI-KEV-086-CVE-2013-0422,0,8,2,2,1
mistral:latest,iterative_no_memory,DCTI-KEV-086-CVE-2013-0422,1,8,3,3,1
mistral:latest,iterative_no_memory,DCTI-KEV-086-CVE-2013-0422,2,8,4,4,1
mistral:latest,iterative_no_memory,DCTI-KEV-087-CVE-2013-0431,0,8,2,2,1
mistral:latest,iterative_no_memory,DCTI-KEV-087-CVE-2013-0431,1,8,3,3,1
mistral:latest,iterative_no_memory,DCTI-KEV-087-CVE-2013-0431,2,8,4,4,1
mistral:latest,iterative_no_memory,DCTI-KEV-088-CVE-2013-0625,0,8,2,2,1
mistral:latest,iterative_no_memory,DCTI-KEV-088-CVE-2013-0625,1,8,3,3,1
mistral:latest,iterative_no_memory,DCTI-KEV-088-CVE-2013-0625,2,8,4,4,1
mistral:latest,iterative_no_memory,DCTI-KEV-089-CVE-2013-0629,0,8,2,2,1
mistral:latest,iterative_no_memory,DCTI-KEV-089-CVE-2013-0629,1,8,3,3,1
mistral:latest,iterative_no_memory,DCTI-KEV-089-CVE-2013-0629,2,8,4,4,1
mistral:latest,iterative_no_memory,DCTI-KEV-090-CVE-2013-0631,0,8,2,2,1
mistral:latest,iterative_no_memory,DCTI-KEV-090-CVE-2013-0631,1,8,3,3,1
mistral:latest,iterative_no_memory,DCTI-KEV-090-CVE-2013-0631,2,8,4,4,1
mistral:latest,iterative_no_memory,DCTI-KEV-091-CVE-2013-0632,0,8,2,2,1
mistral:latest,iterative_no_memory,DCTI-KEV-091-CVE-2013-0632,1,8,3,3,1
mistral:latest,iterative_no_memory,DCTI-KEV-091-CVE-2013-0632,2,8,4,4,1
mistral:latest,iterative_no_memory,DCTI-KEV-092-CVE-2013-0640,0,8,2,2,1
mistral:latest,iterative_no_memory,DCTI-KEV-092-CVE-2013-0640,1,8,3,3,1
mistral:latest,iterative_no_memory,DCTI-KEV-092-CVE-2013-0640,2,8,4,4,1
mistral:latest,iterative_no_memory,DCTI-KEV-093-CVE-2013-0641,0,8,2,2,1
mistral:latest,iterative_no_memory,DCTI-KEV-093-CVE-2013-0641,1,8,3,3,1
mistral:latest,iterative_no_memory,DCTI-KEV-093-CVE-2013-0641,2,8,4,4,1
mistral:latest,iterative_no_memory,DCTI-KEV-094-CVE-2013-0643,0,8,2,2,1
mistral:latest,iterative_no_memory,DCTI-KEV-094-CVE-2013-0643,1,8,3,3,1
mistral:latest,iterative_no_memory,DCTI-KEV-094-CVE-2013-0643,2,8,4,4,1
mistral:latest,iterative_no_memory,DCTI-KEV-095-CVE-2013-0648,0,8,2,2,1
mistral:latest,iterative_no_memory,DCTI-KEV-095-CVE-2013-0648,1,8,3,3,1
mistral:latest,iterative_no_memory,DCTI-KEV-095-CVE-2013-0648,2,8,4,4,1
mistral:latest,iterative_no_memory,DCTI-KEV-096-CVE-2013-1331,0,8,2,2,1
mistral:latest,iterative_no_memory,DCTI-KEV-096-CVE-2013-1331,1,8,3,3,1
mistral:latest,iterative_no_memory,DCTI-KEV-096-CVE-2013-1331,2,8,4,4,1
mistral:latest,iterative_no_memory,DCTI-KEV-097-CVE-2013-1347,0,8,2,2,1
mistral:latest,iterative_no_memory,DCTI-KEV-097-CVE-2013-1347,1,8,3,3,1
mistral:latest,iterative_no_memory,DCTI-KEV-097-CVE-2013-1347,2,8,4,4,1
mistral:latest,iterative_no_memory,DCTI-KEV-098-CVE-2013-1675,0,8,2,2,1
mistral:latest,iterative_no_memory,DCTI-KEV-098-CVE-2013-1675,1,8,3,3,1
mistral:latest,iterative_no_memory,DCTI-KEV-098-CVE-2013-1675,2,8,4,4,1
mistral:latest,iterative_no_memory,DCTI-KEV-099-CVE-2013-1690,0,8,2,2,1
mistral:latest,iterative_no_memory,DCTI-KEV-099-CVE-2013-1690,1,8,3,3,1
mistral:latest,iterative_no_memory,DCTI-KEV-099-CVE-2013-1690,2,8,4,4,1
mistral:latest,iterative_no_memory,DCTI-KEV-100-CVE-2013-2094,0,8,2,2,1
mistral:latest,iterative_no_memory,DCTI-KEV-100-CVE-2013-2094,1,8,3,3,1
mistral:latest,iterative_no_memory,DCTI-KEV-100-CVE-2013-2094,2,8,4,4,1
mistral:latest,rag_once,DCTI-KEV-001-CVE-2002-0367,2,8,4,4,1
mistral:latest,rag_once,DCTI-KEV-002-CVE-2004-0210,2,8,4,4,1
mistral:latest,rag_once,DCTI-KEV-003-CVE-2004-1464,2,8,4,4,1
mistral:latest,rag_once,DCTI-KEV-004-CVE-2005-2773,2,8,4,4,1
mistral:latest,rag_once,DCTI-KEV-005-CVE-2006-1547,2,8,4,4,1
mistral:latest,rag_once,DCTI-KEV-006-CVE-2006-2492,2,8,4,4,1
mistral:latest,rag_once,DCTI-KEV-007-CVE-2007-0671,2,8,4,4,1
mistral:latest,rag_once,DCTI-KEV-008-CVE-2007-3010,2,8,4,4,1
mistral:latest,rag_once,DCTI-KEV-009-CVE-2007-5659,2,8,4,4,1
mistral:latest,rag_once,DCTI-KEV-010-CVE-2008-0015,2,8,4,4,1
mistral:latest,rag_once,DCTI-KEV-011-CVE-2008-0655,2,8,4,4,1
mistral:latest,rag_once,DCTI-KEV-012-CVE-2008-2992,2,8,4,4,1
mistral:latest,rag_once,DCTI-KEV-013-CVE-2008-3431,2,8,4,4,1
mistral:latest,rag_once,DCTI-KEV-014-CVE-2008-4128,2,8,4,4,1
mistral:latest,rag_once,DCTI-KEV-015-CVE-2008-4250,2,8,4,4,1
mistral:latest,rag_once,DCTI-KEV-016-CVE-2009-0238,2,8,4,4,1
mistral:latest,rag_once,DCTI-KEV-017-CVE-2009-0556,2,8,4,4,1
mistral:latest,rag_once,DCTI-KEV-018-CVE-2009-0557,2,8,4,4,1
mistral:latest,rag_once,DCTI-KEV-019-CVE-2009-0563,2,8,4,4,1
mistral:latest,rag_once,DCTI-KEV-020-CVE-2009-0927,2,8,4,4,1
mistral:latest,rag_once,DCTI-KEV-021-CVE-2009-1123,2,8,4,4,1
mistral:latest,rag_once,DCTI-KEV-022-CVE-2009-1151,2,8,4,4,1
mistral:latest,rag_once,DCTI-KEV-023-CVE-2009-1537,2,8,4,4,1
mistral:latest,rag_once,DCTI-KEV-024-CVE-2009-1862,2,8,4,4,1
mistral:latest,rag_once,DCTI-KEV-025-CVE-2009-2055,2,8,4,4,1
mistral:latest,rag_once,DCTI-KEV-026-CVE-2009-3129,2,8,4,4,1
mistral:latest,rag_once,DCTI-KEV-027-CVE-2009-3459,2,8,4,4,1
mistral:latest,rag_once,DCTI-KEV-028-CVE-2009-3953,2,8,4,4,1
mistral:latest,rag_once,DCTI-KEV-029-CVE-2009-3960,2,8,4,4,1
mistral:latest,rag_once,DCTI-KEV-030-CVE-2009-4324,2,8,4,4,1
mistral:latest,rag_once,DCTI-KEV-031-CVE-2010-0188,2,8,4,4,1
mistral:latest,rag_once,DCTI-KEV-032-CVE-2010-0232,2,8,4,4,1
mistral:latest,rag_once,DCTI-KEV-033-CVE-2010-0249,2,8,4,4,1
mistral:latest,rag_once,DCTI-KEV-034-CVE-2010-0738,2,8,4,4,1
mistral:latest,rag_once,DCTI-KEV-035-CVE-2010-0806,2,8,4,4,1
mistral:latest,rag_once,DCTI-KEV-036-CVE-2010-0840,2,8,4,4,1
mistral:latest,rag_once,DCTI-KEV-037-CVE-2010-1297,2,8,4,4,1
mistral:latest,rag_once,DCTI-KEV-038-CVE-2010-1428,2,8,4,4,1
mistral:latest,rag_once,DCTI-KEV-039-CVE-2010-1871,2,8,4,4,1
mistral:latest,rag_once,DCTI-KEV-040-CVE-2010-2568,2,8,4,4,1
mistral:latest,rag_once,DCTI-KEV-041-CVE-2010-2572,2,8,4,4,1
mistral:latest,rag_once,DCTI-KEV-042-CVE-2010-2861,2,8,4,4,1
mistral:latest,rag_once,DCTI-KEV-043-CVE-2010-2883,2,8,4,4,1
mistral:latest,rag_once,DCTI-KEV-044-CVE-2010-3035,2,8,4,4,1
mistral:latest,rag_once,DCTI-KEV-045-CVE-2010-3333,2,8,4,4,1
mistral:latest,rag_once,DCTI-KEV-046-CVE-2010-3765,2,8,4,4,1
mistral:latest,rag_once,DCTI-KEV-047-CVE-2010-3904,2,8,4,4,1
mistral:latest,rag_once,DCTI-KEV-048-CVE-2010-3962,2,8,4,4,1
mistral:latest,rag_once,DCTI-KEV-049-CVE-2010-4344,2,8,4,4,1
mistral:latest,rag_once,DCTI-KEV-050-CVE-2010-4345,2,8,4,4,1
mistral:latest,rag_once,DCTI-KEV-051-CVE-2010-4398,2,8,4,4,1
mistral:latest,rag_once,DCTI-KEV-052-CVE-2010-5326,2,8,4,4,1
mistral:latest,rag_once,DCTI-KEV-053-CVE-2010-5330,2,8,4,4,1
mistral:latest,rag_once,DCTI-KEV-054-CVE-2011-0609,2,8,4,4,1
mistral:latest,rag_once,DCTI-KEV-055-CVE-2011-0611,2,8,4,4,1
mistral:latest,rag_once,DCTI-KEV-056-CVE-2011-1823,2,8,4,4,1
mistral:latest,rag_once,DCTI-KEV-057-CVE-2011-1889,2,8,4,4,1
mistral:latest,rag_once,DCTI-KEV-058-CVE-2011-2005,2,8,4,4,1
mistral:latest,rag_once,DCTI-KEV-059-CVE-2011-2462,2,8,4,4,1
mistral:latest,rag_once,DCTI-KEV-060-CVE-2011-3402,2,8,4,4,1
mistral:latest,rag_once,DCTI-KEV-061-CVE-2011-3544,2,8,4,4,1
mistral:latest,rag_once,DCTI-KEV-062-CVE-2011-4723,2,8,4,4,1
mistral:latest,rag_once,DCTI-KEV-063-CVE-2012-0151,2,8,4,4,1
mistral:latest,rag_once,DCTI-KEV-064-CVE-2012-0158,2,8,4,4,1
mistral:latest,rag_once,DCTI-KEV-065-CVE-2012-0391,2,8,4,4,1
mistral:latest,rag_once,DCTI-KEV-066-CVE-2012-0507,2,8,4,4,1
mistral:latest,rag_once,DCTI-KEV-067-CVE-2012-0518,2,8,4,4,1
mistral:latest,rag_once,DCTI-KEV-068-CVE-2012-0754,2,8,4,4,1
mistral:latest,rag_once,DCTI-KEV-069-CVE-2012-0767,2,8,4,4,1
mistral:latest,rag_once,DCTI-KEV-070-CVE-2012-1535,2,8,4,4,1
mistral:latest,rag_once,DCTI-KEV-071-CVE-2012-1710,2,8,4,4,1
mistral:latest,rag_once,DCTI-KEV-072-CVE-2012-1723,2,8,4,4,1
mistral:latest,rag_once,DCTI-KEV-073-CVE-2012-1823,2,8,4,4,1
mistral:latest,rag_once,DCTI-KEV-074-CVE-2012-1854,2,8,4,4,1
mistral:latest,rag_once,DCTI-KEV-075-CVE-2012-1856,2,8,4,4,1
mistral:latest,rag_once,DCTI-KEV-076-CVE-2012-1889,2,8,4,4,1
mistral:latest,rag_once,DCTI-KEV-077-CVE-2012-2034,2,8,4,4,1
mistral:latest,rag_once,DCTI-KEV-078-CVE-2012-2539,2,8,4,4,1
mistral:latest,rag_once,DCTI-KEV-079-CVE-2012-3152,2,8,4,4,1
mistral:latest,rag_once,DCTI-KEV-080-CVE-2012-4681,2,8,4,4,1
mistral:latest,rag_once,DCTI-KEV-081-CVE-2012-4792,2,8,4,4,1
mistral:latest,rag_once,DCTI-KEV-082-CVE-2012-4969,2,8,4,4,1
mistral:latest,rag_once,DCTI-KEV-083-CVE-2012-5054,2,8,4,4,1
mistral:latest,rag_once,DCTI-KEV-084-CVE-2012-5076,2,8,4,4,1
mistral:latest,rag_once,DCTI-KEV-085-CVE-2013-0074,2,8,4,4,1
mistral:latest,rag_once,DCTI-KEV-086-CVE-2013-0422,2,8,4,4,1
mistral:latest,rag_once,DCTI-KEV-087-CVE-2013-0431,2,8,4,4,1
mistral:latest,rag_once,DCTI-KEV-088-CVE-2013-0625,2,8,4,4,1
mistral:latest,rag_once,DCTI-KEV-089-CVE-2013-0629,2,8,4,4,1
mistral:latest,rag_once,DCTI-KEV-090-CVE-2013-0631,2,8,4,4,1
mistral:latest,rag_once,DCTI-KEV-091-CVE-2013-0632,2,8,4,4,1
mistral:latest,rag_once,DCTI-KEV-092-CVE-2013-0640,2,8,4,4,1
mistral:latest,rag_once,DCTI-KEV-093-CVE-2013-0641,2,8,4,4,1
mistral:latest,rag_once,DCTI-KEV-094-CVE-2013-0643,2,8,4,4,1
mistral:latest,rag_once,DCTI-KEV-095-CVE-2013-0648,2,8,4,4,1
mistral:latest,rag_once,DCTI-KEV-096-CVE-2013-1331,2,8,4,4,1
mistral:latest,rag_once,DCTI-KEV-097-CVE-2013-1347,2,8,4,4,1
mistral:latest,rag_once,DCTI-KEV-098-CVE-2013-1675,2,8,4,4,1
mistral:latest,rag_once,DCTI-KEV-099-CVE-2013-1690,2,8,4,4,1
mistral:latest,rag_once,DCTI-KEV-100-CVE-2013-2094,2,8,4,4,1
qwen2.5:7b,iterative_no_memory,DCTI-KEV-001-CVE-2002-0367,0,8,2,2,1
qwen2.5:7b,iterative_no_memory,DCTI-KEV-001-CVE-2002-0367,1,8,3,3,1
qwen2.5:7b,iterative_no_memory,DCTI-KEV-001-CVE-2002-0367,2,8,4,4,1
qwen2.5:7b,iterative_no_memory,DCTI-KEV-002-CVE-2004-0210,0,8,2,2,1
qwen2.5:7b,iterative_no_memory,DCTI-KEV-002-CVE-2004-0210,1,8,3,3,1
qwen2.5:7b,iterative_no_memory,DCTI-KEV-002-CVE-2004-0210,2,8,4,4,1
qwen2.5:7b,iterative_no_memory,DCTI-KEV-003-CVE-2004-1464,0,8,2,2,1
qwen2.5:7b,iterative_no_memory,DCTI-KEV-003-CVE-2004-1464,1,8,3,3,1
qwen2.5:7b,iterative_no_memory,DCTI-KEV-003-CVE-2004-1464,2,8,4,4,1
qwen2.5:7b,iterative_no_memory,DCTI-KEV-004-CVE-2005-2773,0,8,2,2,1
qwen2.5:7b,iterative_no_memory,DCTI-KEV-004-CVE-2005-2773,1,8,3,3,1
qwen2.5:7b,iterative_no_memory,DCTI-KEV-004-CVE-2005-2773,2,8,4,4,1
qwen2.5:7b,iterative_no_memory,DCTI-KEV-005-CVE-2006-1547,0,8,2,2,1
qwen2.5:7b,iterative_no_memory,DCTI-KEV-005-CVE-2006-1547,1,8,3,3,1
qwen2.5:7b,iterative_no_memory,DCTI-KEV-005-CVE-2006-1547,2,8,4,4,1
qwen2.5:7b,iterative_no_memory,DCTI-KEV-006-CVE-2006-2492,0,8,2,2,1
qwen2.5:7b,iterative_no_memory,DCTI-KEV-006-CVE-2006-2492,1,8,3,3,1
qwen2.5:7b,iterative_no_memory,DCTI-KEV-006-CVE-2006-2492,2,8,4,4,1
qwen2.5:7b,iterative_no_memory,DCTI-KEV-007-CVE-2007-0671,0,8,2,2,1
qwen2.5:7b,iterative_no_memory,DCTI-KEV-007-CVE-2007-0671,1,8,3,3,1
qwen2.5:7b,iterative_no_memory,DCTI-KEV-007-CVE-2007-0671,2,8,4,4,1
qwen2.5:7b,iterative_no_memory,DCTI-KEV-008-CVE-2007-3010,0,8,2,2,1
qwen2.5:7b,iterative_no_memory,DCTI-KEV-008-CVE-2007-3010,1,8,3,3,1
qwen2.5:7b,iterative_no_memory,DCTI-KEV-008-CVE-2007-3010,2,8,4,4,1
qwen2.5:7b,iterative_no_memory,DCTI-KEV-009-CVE-2007-5659,0,8,2,2,1
qwen2.5:7b,iterative_no_memory,DCTI-KEV-009-CVE-2007-5659,1,8,3,3,1
qwen2.5:7b,iterative_no_memory,DCTI-KEV-009-CVE-2007-5659,2,8,4,4,1
qwen2.5:7b,iterative_no_memory,DCTI-KEV-010-CVE-2008-0015,0,8,2,2,1
qwen2.5:7b,iterative_no_memory,DCTI-KEV-010-CVE-2008-0015,1,8,3,3,1
qwen2.5:7b,iterative_no_memory,DCTI-KEV-010-CVE-2008-0015,2,8,4,4,1
qwen2.5:7b,iterative_no_memory,DCTI-KEV-011-CVE-2008-0655,0,8,2,2,1
qwen2.5:7b,iterative_no_memory,DCTI-KEV-011-CVE-2008-0655,1,8,3,3,1
qwen2.5:7b,iterative_no_memory,DCTI-KEV-011-CVE-2008-0655,2,8,4,4,1
qwen2.5:7b,iterative_no_memory,DCTI-KEV-012-CVE-2008-2992,0,8,2,2,1
qwen2.5:7b,iterative_no_memory,DCTI-KEV-012-CVE-2008-2992,1,8,3,3,1
qwen2.5:7b,iterative_no_memory,DCTI-KEV-012-CVE-2008-2992,2,8,4,4,1
qwen2.5:7b,iterative_no_memory,DCTI-KEV-013-CVE-2008-3431,0,8,2,2,1
qwen2.5:7b,iterative_no_memory,DCTI-KEV-013-CVE-2008-3431,1,8,3,3,1
qwen2.5:7b,iterative_no_memory,DCTI-KEV-013-CVE-2008-3431,2,8,4,4,1
qwen2.5:7b,iterative_no_memory,DCTI-KEV-014-CVE-2008-4128,0,8,2,2,1
qwen2.5:7b,iterative_no_memory,DCTI-KEV-014-CVE-2008-4128,1,8,3,3,1
qwen2.5:7b,iterative_no_memory,DCTI-KEV-014-CVE-2008-4128,2,8,4,4,1
qwen2.5:7b,iterative_no_memory,DCTI-KEV-015-CVE-2008-4250,0,8,2,2,1
qwen2.5:7b,iterative_no_memory,DCTI-KEV-015-CVE-2008-4250,1,8,3,3,1
qwen2.5:7b,iterative_no_memory,DCTI-KEV-015-CVE-2008-4250,2,8,4,4,1
qwen2.5:7b,iterative_no_memory,DCTI-KEV-016-CVE-2009-0238,0,8,2,2,1
qwen2.5:7b,iterative_no_memory,DCTI-KEV-016-CVE-2009-0238,1,8,3,3,1
qwen2.5:7b,iterative_no_memory,DCTI-KEV-016-CVE-2009-0238,2,8,4,4,1
qwen2.5:7b,iterative_no_memory,DCTI-KEV-017-CVE-2009-0556,0,8,2,2,1
qwen2.5:7b,iterative_no_memory,DCTI-KEV-017-CVE-2009-0556,1,8,3,3,1
qwen2.5:7b,iterative_no_memory,DCTI-KEV-017-CVE-2009-0556,2,8,4,4,1
qwen2.5:7b,iterative_no_memory,DCTI-KEV-018-CVE-2009-0557,0,8,2,2,1
qwen2.5:7b,iterative_no_memory,DCTI-KEV-018-CVE-2009-0557,1,8,3,3,1
qwen2.5:7b,iterative_no_memory,DCTI-KEV-018-CVE-2009-0557,2,8,4,4,1
qwen2.5:7b,iterative_no_memory,DCTI-KEV-019-CVE-2009-0563,0,8,2,2,1
qwen2.5:7b,iterative_no_memory,DCTI-KEV-019-CVE-2009-0563,1,8,3,3,1
qwen2.5:7b,iterative_no_memory,DCTI-KEV-019-CVE-2009-0563,2,8,4,4,1
qwen2.5:7b,iterative_no_memory,DCTI-KEV-020-CVE-2009-0927,0,8,2,2,1
qwen2.5:7b,iterative_no_memory,DCTI-KEV-020-CVE-2009-0927,1,8,3,3,1
qwen2.5:7b,iterative_no_memory,DCTI-KEV-020-CVE-2009-0927,2,8,4,4,1
qwen2.5:7b,iterative_no_memory,DCTI-KEV-021-CVE-2009-1123,0,8,2,2,1
qwen2.5:7b,iterative_no_memory,DCTI-KEV-021-CVE-2009-1123,1,8,3,3,1
qwen2.5:7b,iterative_no_memory,DCTI-KEV-021-CVE-2009-1123,2,8,4,4,1
qwen2.5:7b,iterative_no_memory,DCTI-KEV-022-CVE-2009-1151,0,8,2,2,1
qwen2.5:7b,iterative_no_memory,DCTI-KEV-022-CVE-2009-1151,1,8,3,3,1
qwen2.5:7b,iterative_no_memory,DCTI-KEV-022-CVE-2009-1151,2,8,4,4,1
qwen2.5:7b,iterative_no_memory,DCTI-KEV-023-CVE-2009-1537,0,8,2,2,1
qwen2.5:7b,iterative_no_memory,DCTI-KEV-023-CVE-2009-1537,1,8,3,3,1
qwen2.5:7b,iterative_no_memory,DCTI-KEV-023-CVE-2009-1537,2,8,4,4,1
qwen2.5:7b,iterative_no_memory,DCTI-KEV-024-CVE-2009-1862,0,8,2,2,1
qwen2.5:7b,iterative_no_memory,DCTI-KEV-024-CVE-2009-1862,1,8,3,3,1
qwen2.5:7b,iterative_no_memory,DCTI-KEV-024-CVE-2009-1862,2,8,4,4,1
qwen2.5:7b,iterative_no_memory,DCTI-KEV-025-CVE-2009-2055,0,8,2,2,1
qwen2.5:7b,iterative_no_memory,DCTI-KEV-025-CVE-2009-2055,1,8,3,3,1
qwen2.5:7b,iterative_no_memory,DCTI-KEV-025-CVE-2009-2055,2,8,4,4,1
qwen2.5:7b,iterative_no_memory,DCTI-KEV-026-CVE-2009-3129,0,8,2,2,1
qwen2.5:7b,iterative_no_memory,DCTI-KEV-026-CVE-2009-3129,1,8,3,3,1
qwen2.5:7b,iterative_no_memory,DCTI-KEV-026-CVE-2009-3129,2,8,4,4,1
qwen2.5:7b,iterative_no_memory,DCTI-KEV-027-CVE-2009-3459,0,8,2,2,1
qwen2.5:7b,iterative_no_memory,DCTI-KEV-027-CVE-2009-3459,1,8,3,3,1
qwen2.5:7b,iterative_no_memory,DCTI-KEV-027-CVE-2009-3459,2,8,4,4,1
qwen2.5:7b,iterative_no_memory,DCTI-KEV-028-CVE-2009-3953,0,8,2,2,1
qwen2.5:7b,iterative_no_memory,DCTI-KEV-028-CVE-2009-3953,1,8,3,3,1
qwen2.5:7b,iterative_no_memory,DCTI-KEV-028-CVE-2009-3953,2,8,4,4,1
qwen2.5:7b,iterative_no_memory,DCTI-KEV-029-CVE-2009-3960,0,8,2,2,1
qwen2.5:7b,iterative_no_memory,DCTI-KEV-029-CVE-2009-3960,1,8,3,3,1
qwen2.5:7b,iterative_no_memory,DCTI-KEV-029-CVE-2009-3960,2,8,4,4,1
qwen2.5:7b,iterative_no_memory,DCTI-KEV-030-CVE-2009-4324,0,8,2,2,1
qwen2.5:7b,iterative_no_memory,DCTI-KEV-030-CVE-2009-4324,1,8,3,3,1
qwen2.5:7b,iterative_no_memory,DCTI-KEV-030-CVE-2009-4324,2,8,4,4,1
qwen2.5:7b,iterative_no_memory,DCTI-KEV-031-CVE-2010-0188,0,8,2,2,1
qwen2.5:7b,iterative_no_memory,DCTI-KEV-031-CVE-2010-0188,1,8,3,3,1
qwen2.5:7b,iterative_no_memory,DCTI-KEV-031-CVE-2010-0188,2,8,4,4,1
qwen2.5:7b,iterative_no_memory,DCTI-KEV-032-CVE-2010-0232,0,8,2,2,1
qwen2.5:7b,iterative_no_memory,DCTI-KEV-032-CVE-2010-0232,1,8,3,3,1
qwen2.5:7b,iterative_no_memory,DCTI-KEV-032-CVE-2010-0232,2,8,4,4,1
qwen2.5:7b,iterative_no_memory,DCTI-KEV-033-CVE-2010-0249,0,8,2,2,1
qwen2.5:7b,iterative_no_memory,DCTI-KEV-033-CVE-2010-0249,1,8,3,3,1
qwen2.5:7b,iterative_no_memory,DCTI-KEV-033-CVE-2010-0249,2,8,4,4,1
qwen2.5:7b,iterative_no_memory,DCTI-KEV-034-CVE-2010-0738,0,8,2,2,1
qwen2.5:7b,iterative_no_memory,DCTI-KEV-034-CVE-2010-0738,1,8,3,3,1
qwen2.5:7b,iterative_no_memory,DCTI-KEV-034-CVE-2010-0738,2,8,4,4,1
qwen2.5:7b,iterative_no_memory,DCTI-KEV-035-CVE-2010-0806,0,8,2,2,1
qwen2.5:7b,iterative_no_memory,DCTI-KEV-035-CVE-2010-0806,1,8,3,3,1
qwen2.5:7b,iterative_no_memory,DCTI-KEV-035-CVE-2010-0806,2,8,4,4,1
qwen2.5:7b,iterative_no_memory,DCTI-KEV-036-CVE-2010-0840,0,8,2,2,1
qwen2.5:7b,iterative_no_memory,DCTI-KEV-036-CVE-2010-0840,1,8,3,3,1
qwen2.5:7b,iterative_no_memory,DCTI-KEV-036-CVE-2010-0840,2,8,4,4,1
qwen2.5:7b,iterative_no_memory,DCTI-KEV-037-CVE-2010-1297,0,8,2,2,1
qwen2.5:7b,iterative_no_memory,DCTI-KEV-037-CVE-2010-1297,1,8,3,3,1
qwen2.5:7b,iterative_no_memory,DCTI-KEV-037-CVE-2010-1297,2,8,4,4,1
qwen2.5:7b,iterative_no_memory,DCTI-KEV-038-CVE-2010-1428,0,8,2,2,1
qwen2.5:7b,iterative_no_memory,DCTI-KEV-038-CVE-2010-1428,1,8,3,3,1
qwen2.5:7b,iterative_no_memory,DCTI-KEV-038-CVE-2010-1428,2,8,4,4,1
qwen2.5:7b,iterative_no_memory,DCTI-KEV-039-CVE-2010-1871,0,8,2,2,1
qwen2.5:7b,iterative_no_memory,DCTI-KEV-039-CVE-2010-1871,1,8,3,3,1
qwen2.5:7b,iterative_no_memory,DCTI-KEV-039-CVE-2010-1871,2,8,4,4,1
qwen2.5:7b,iterative_no_memory,DCTI-KEV-040-CVE-2010-2568,0,8,2,2,1
qwen2.5:7b,iterative_no_memory,DCTI-KEV-040-CVE-2010-2568,1,8,3,3,1
qwen2.5:7b,iterative_no_memory,DCTI-KEV-040-CVE-2010-2568,2,8,4,4,1
qwen2.5:7b,iterative_no_memory,DCTI-KEV-041-CVE-2010-2572,0,8,2,2,1
qwen2.5:7b,iterative_no_memory,DCTI-KEV-041-CVE-2010-2572,1,8,3,3,1
qwen2.5:7b,iterative_no_memory,DCTI-KEV-041-CVE-2010-2572,2,8,4,4,1
qwen2.5:7b,iterative_no_memory,DCTI-KEV-042-CVE-2010-2861,0,8,2,2,1
qwen2.5:7b,iterative_no_memory,DCTI-KEV-042-CVE-2010-2861,1,8,3,3,1
qwen2.5:7b,iterative_no_memory,DCTI-KEV-042-CVE-2010-2861,2,8,4,4,1
qwen2.5:7b,iterative_no_memory,DCTI-KEV-043-CVE-2010-2883,0,8,2,2,1
qwen2.5:7b,iterative_no_memory,DCTI-KEV-043-CVE-2010-2883,1,8,3,3,1
qwen2.5:7b,iterative_no_memory,DCTI-KEV-043-CVE-2010-2883,2,8,4,4,1
qwen2.5:7b,iterative_no_memory,DCTI-KEV-044-CVE-2010-3035,0,8,2,2,1
qwen2.5:7b,iterative_no_memory,DCTI-KEV-044-CVE-2010-3035,1,8,3,3,1
qwen2.5:7b,iterative_no_memory,DCTI-KEV-044-CVE-2010-3035,2,8,4,4,1
qwen2.5:7b,iterative_no_memory,DCTI-KEV-045-CVE-2010-3333,0,8,2,2,1
qwen2.5:7b,iterative_no_memory,DCTI-KEV-045-CVE-2010-3333,1,8,3,3,1
qwen2.5:7b,iterative_no_memory,DCTI-KEV-045-CVE-2010-3333,2,8,4,4,1
qwen2.5:7b,iterative_no_memory,DCTI-KEV-046-CVE-2010-3765,0,8,2,2,1
qwen2.5:7b,iterative_no_memory,DCTI-KEV-046-CVE-2010-3765,1,8,3,3,1
qwen2.5:7b,iterative_no_memory,DCTI-KEV-046-CVE-2010-3765,2,8,4,4,1
qwen2.5:7b,iterative_no_memory,DCTI-KEV-047-CVE-2010-3904,0,8,2,2,1
qwen2.5:7b,iterative_no_memory,DCTI-KEV-047-CVE-2010-3904,1,8,3,3,1
qwen2.5:7b,iterative_no_memory,DCTI-KEV-047-CVE-2010-3904,2,8,4,4,1
qwen2.5:7b,iterative_no_memory,DCTI-KEV-048-CVE-2010-3962,0,8,2,2,1
qwen2.5:7b,iterative_no_memory,DCTI-KEV-048-CVE-2010-3962,1,8,3,3,1
qwen2.5:7b,iterative_no_memory,DCTI-KEV-048-CVE-2010-3962,2,8,4,4,1
qwen2.5:7b,iterative_no_memory,DCTI-KEV-049-CVE-2010-4344,0,8,2,2,1
qwen2.5:7b,iterative_no_memory,DCTI-KEV-049-CVE-2010-4344,1,8,3,3,1
qwen2.5:7b,iterative_no_memory,DCTI-KEV-049-CVE-2010-4344,2,8,4,4,1
qwen2.5:7b,iterative_no_memory,DCTI-KEV-050-CVE-2010-4345,0,8,2,2,1
qwen2.5:7b,iterative_no_memory,DCTI-KEV-050-CVE-2010-4345,1,8,3,3,1
qwen2.5:7b,iterative_no_memory,DCTI-KEV-050-CVE-2010-4345,2,8,4,4,1
qwen2.5:7b,iterative_no_memory,DCTI-KEV-051-CVE-2010-4398,0,8,2,2,1
qwen2.5:7b,iterative_no_memory,DCTI-KEV-051-CVE-2010-4398,1,8,3,3,1
qwen2.5:7b,iterative_no_memory,DCTI-KEV-051-CVE-2010-4398,2,8,4,4,1
qwen2.5:7b,iterative_no_memory,DCTI-KEV-052-CVE-2010-5326,0,8,2,2,1
qwen2.5:7b,iterative_no_memory,DCTI-KEV-052-CVE-2010-5326,1,8,3,3,1
qwen2.5:7b,iterative_no_memory,DCTI-KEV-052-CVE-2010-5326,2,8,4,4,1
qwen2.5:7b,iterative_no_memory,DCTI-KEV-053-CVE-2010-5330,0,8,2,2,1
qwen2.5:7b,iterative_no_memory,DCTI-KEV-053-CVE-2010-5330,1,8,3,3,1
qwen2.5:7b,iterative_no_memory,DCTI-KEV-053-CVE-2010-5330,2,8,4,4,1
qwen2.5:7b,iterative_no_memory,DCTI-KEV-054-CVE-2011-0609,0,8,2,2,1
qwen2.5:7b,iterative_no_memory,DCTI-KEV-054-CVE-2011-0609,1,8,3,3,1
qwen2.5:7b,iterative_no_memory,DCTI-KEV-054-CVE-2011-0609,2,8,4,4,1
qwen2.5:7b,iterative_no_memory,DCTI-KEV-055-CVE-2011-0611,0,8,2,2,1
qwen2.5:7b,iterative_no_memory,DCTI-KEV-055-CVE-2011-0611,1,8,3,3,1
qwen2.5:7b,iterative_no_memory,DCTI-KEV-055-CVE-2011-0611,2,8,4,4,1
qwen2.5:7b,iterative_no_memory,DCTI-KEV-056-CVE-2011-1823,0,8,2,2,1
qwen2.5:7b,iterative_no_memory,DCTI-KEV-056-CVE-2011-1823,1,8,3,3,1
qwen2.5:7b,iterative_no_memory,DCTI-KEV-056-CVE-2011-1823,2,8,4,4,1
qwen2.5:7b,iterative_no_memory,DCTI-KEV-057-CVE-2011-1889,0,8,2,2,1
qwen2.5:7b,iterative_no_memory,DCTI-KEV-057-CVE-2011-1889,1,8,3,3,1
qwen2.5:7b,iterative_no_memory,DCTI-KEV-057-CVE-2011-1889,2,8,4,4,1
qwen2.5:7b,iterative_no_memory,DCTI-KEV-058-CVE-2011-2005,0,8,2,2,1
qwen2.5:7b,iterative_no_memory,DCTI-KEV-058-CVE-2011-2005,1,8,3,3,1
qwen2.5:7b,iterative_no_memory,DCTI-KEV-058-CVE-2011-2005,2,8,4,4,1
qwen2.5:7b,iterative_no_memory,DCTI-KEV-059-CVE-2011-2462,0,8,2,2,1
qwen2.5:7b,iterative_no_memory,DCTI-KEV-059-CVE-2011-2462,1,8,3,3,1
qwen2.5:7b,iterative_no_memory,DCTI-KEV-059-CVE-2011-2462,2,8,4,4,1
qwen2.5:7b,iterative_no_memory,DCTI-KEV-060-CVE-2011-3402,0,8,2,2,1
qwen2.5:7b,iterative_no_memory,DCTI-KEV-060-CVE-2011-3402,1,8,3,3,1
qwen2.5:7b,iterative_no_memory,DCTI-KEV-060-CVE-2011-3402,2,8,4,4,1
qwen2.5:7b,iterative_no_memory,DCTI-KEV-061-CVE-2011-3544,0,8,2,2,1
qwen2.5:7b,iterative_no_memory,DCTI-KEV-061-CVE-2011-3544,1,8,3,3,1
qwen2.5:7b,iterative_no_memory,DCTI-KEV-061-CVE-2011-3544,2,8,4,4,1
qwen2.5:7b,iterative_no_memory,DCTI-KEV-062-CVE-2011-4723,0,8,2,2,1
qwen2.5:7b,iterative_no_memory,DCTI-KEV-062-CVE-2011-4723,1,8,3,3,1
qwen2.5:7b,iterative_no_memory,DCTI-KEV-062-CVE-2011-4723,2,8,4,4,1
qwen2.5:7b,iterative_no_memory,DCTI-KEV-063-CVE-2012-0151,0,8,2,2,1
qwen2.5:7b,iterative_no_memory,DCTI-KEV-063-CVE-2012-0151,1,8,3,3,1
qwen2.5:7b,iterative_no_memory,DCTI-KEV-063-CVE-2012-0151,2,8,4,4,1
qwen2.5:7b,iterative_no_memory,DCTI-KEV-064-CVE-2012-0158,0,8,2,2,1
qwen2.5:7b,iterative_no_memory,DCTI-KEV-064-CVE-2012-0158,1,8,3,3,1
qwen2.5:7b,iterative_no_memory,DCTI-KEV-064-CVE-2012-0158,2,8,4,4,1
qwen2.5:7b,iterative_no_memory,DCTI-KEV-065-CVE-2012-0391,0,8,2,2,1
qwen2.5:7b,iterative_no_memory,DCTI-KEV-065-CVE-2012-0391,1,8,3,3,1
qwen2.5:7b,iterative_no_memory,DCTI-KEV-065-CVE-2012-0391,2,8,4,4,1
qwen2.5:7b,iterative_no_memory,DCTI-KEV-066-CVE-2012-0507,0,8,2,2,1
qwen2.5:7b,iterative_no_memory,DCTI-KEV-066-CVE-2012-0507,1,8,3,3,1
qwen2.5:7b,iterative_no_memory,DCTI-KEV-066-CVE-2012-0507,2,8,4,4,1
qwen2.5:7b,iterative_no_memory,DCTI-KEV-067-CVE-2012-0518,0,8,2,2,1
qwen2.5:7b,iterative_no_memory,DCTI-KEV-067-CVE-2012-0518,1,8,3,3,1
qwen2.5:7b,iterative_no_memory,DCTI-KEV-067-CVE-2012-0518,2,8,4,4,1
qwen2.5:7b,iterative_no_memory,DCTI-KEV-068-CVE-2012-0754,0,8,2,2,1
qwen2.5:7b,iterative_no_memory,DCTI-KEV-068-CVE-2012-0754,1,8,3,3,1
qwen2.5:7b,iterative_no_memory,DCTI-KEV-068-CVE-2012-0754,2,8,4,4,1
qwen2.5:7b,iterative_no_memory,DCTI-KEV-069-CVE-2012-0767,0,8,2,2,1
qwen2.5:7b,iterative_no_memory,DCTI-KEV-069-CVE-2012-0767,1,8,3,3,1
qwen2.5:7b,iterative_no_memory,DCTI-KEV-069-CVE-2012-0767,2,8,4,4,1
qwen2.5:7b,iterative_no_memory,DCTI-KEV-070-CVE-2012-1535,0,8,2,2,1
qwen2.5:7b,iterative_no_memory,DCTI-KEV-070-CVE-2012-1535,1,8,3,3,1
qwen2.5:7b,iterative_no_memory,DCTI-KEV-070-CVE-2012-1535,2,8,4,4,1
qwen2.5:7b,iterative_no_memory,DCTI-KEV-071-CVE-2012-1710,0,8,2,2,1
qwen2.5:7b,iterative_no_memory,DCTI-KEV-071-CVE-2012-1710,1,8,3,3,1
qwen2.5:7b,iterative_no_memory,DCTI-KEV-071-CVE-2012-1710,2,8,4,4,1
qwen2.5:7b,iterative_no_memory,DCTI-KEV-072-CVE-2012-1723,0,8,2,2,1
qwen2.5:7b,iterative_no_memory,DCTI-KEV-072-CVE-2012-1723,1,8,3,3,1
qwen2.5:7b,iterative_no_memory,DCTI-KEV-072-CVE-2012-1723,2,8,4,4,1
qwen2.5:7b,iterative_no_memory,DCTI-KEV-073-CVE-2012-1823,0,8,2,2,1
qwen2.5:7b,iterative_no_memory,DCTI-KEV-073-CVE-2012-1823,1,8,3,3,1
qwen2.5:7b,iterative_no_memory,DCTI-KEV-073-CVE-2012-1823,2,8,4,4,1
qwen2.5:7b,iterative_no_memory,DCTI-KEV-074-CVE-2012-1854,0,8,2,2,1
qwen2.5:7b,iterative_no_memory,DCTI-KEV-074-CVE-2012-1854,1,8,3,3,1
qwen2.5:7b,iterative_no_memory,DCTI-KEV-074-CVE-2012-1854,2,8,4,4,1
qwen2.5:7b,iterative_no_memory,DCTI-KEV-075-CVE-2012-1856,0,8,2,2,1
qwen2.5:7b,iterative_no_memory,DCTI-KEV-075-CVE-2012-1856,1,8,3,3,1
qwen2.5:7b,iterative_no_memory,DCTI-KEV-075-CVE-2012-1856,2,8,4,4,1
qwen2.5:7b,iterative_no_memory,DCTI-KEV-076-CVE-2012-1889,0,8,2,2,1
qwen2.5:7b,iterative_no_memory,DCTI-KEV-076-CVE-2012-1889,1,8,3,3,1
qwen2.5:7b,iterative_no_memory,DCTI-KEV-076-CVE-2012-1889,2,8,4,4,1
qwen2.5:7b,iterative_no_memory,DCTI-KEV-077-CVE-2012-2034,0,8,2,2,1
qwen2.5:7b,iterative_no_memory,DCTI-KEV-077-CVE-2012-2034,1,8,3,3,1
qwen2.5:7b,iterative_no_memory,DCTI-KEV-077-CVE-2012-2034,2,8,4,4,1
qwen2.5:7b,iterative_no_memory,DCTI-KEV-078-CVE-2012-2539,0,8,2,2,1
qwen2.5:7b,iterative_no_memory,DCTI-KEV-078-CVE-2012-2539,1,8,3,3,1
qwen2.5:7b,iterative_no_memory,DCTI-KEV-078-CVE-2012-2539,2,8,4,4,1
qwen2.5:7b,iterative_no_memory,DCTI-KEV-079-CVE-2012-3152,0,8,2,2,1
qwen2.5:7b,iterative_no_memory,DCTI-KEV-079-CVE-2012-3152,1,8,3,3,1
qwen2.5:7b,iterative_no_memory,DCTI-KEV-079-CVE-2012-3152,2,8,4,4,1
qwen2.5:7b,iterative_no_memory,DCTI-KEV-080-CVE-2012-4681,0,8,2,2,1
qwen2.5:7b,iterative_no_memory,DCTI-KEV-080-CVE-2012-4681,1,8,3,3,1
qwen2.5:7b,iterative_no_memory,DCTI-KEV-080-CVE-2012-4681,2,8,4,4,1
qwen2.5:7b,iterative_no_memory,DCTI-KEV-081-CVE-2012-4792,0,8,2,2,1
qwen2.5:7b,iterative_no_memory,DCTI-KEV-081-CVE-2012-4792,1,8,3,3,1
qwen2.5:7b,iterative_no_memory,DCTI-KEV-081-CVE-2012-4792,2,8,4,4,1
qwen2.5:7b,iterative_no_memory,DCTI-KEV-082-CVE-2012-4969,0,8,2,2,1
qwen2.5:7b,iterative_no_memory,DCTI-KEV-082-CVE-2012-4969,1,8,3,3,1
qwen2.5:7b,iterative_no_memory,DCTI-KEV-082-CVE-2012-4969,2,8,4,4,1
qwen2.5:7b,iterative_no_memory,DCTI-KEV-083-CVE-2012-5054,0,8,2,2,1
qwen2.5:7b,iterative_no_memory,DCTI-KEV-083-CVE-2012-5054,1,8,3,3,1
qwen2.5:7b,iterative_no_memory,DCTI-KEV-083-CVE-2012-5054,2,8,4,4,1
qwen2.5:7b,iterative_no_memory,DCTI-KEV-084-CVE-2012-5076,0,8,2,2,1
qwen2.5:7b,iterative_no_memory,DCTI-KEV-084-CVE-2012-5076,1,8,3,3,1
qwen2.5:7b,iterative_no_memory,DCTI-KEV-084-CVE-2012-5076,2,8,4,4,1
qwen2.5:7b,iterative_no_memory,DCTI-KEV-085-CVE-2013-0074,0,8,2,2,1
qwen2.5:7b,iterative_no_memory,DCTI-KEV-085-CVE-2013-0074,1,8,3,3,1
qwen2.5:7b,iterative_no_memory,DCTI-KEV-085-CVE-2013-0074,2,8,4,4,1
qwen2.5:7b,iterative_no_memory,DCTI-KEV-086-CVE-2013-0422,0,8,2,2,1
qwen2.5:7b,iterative_no_memory,DCTI-KEV-086-CVE-2013-0422,1,8,3,3,1
qwen2.5:7b,iterative_no_memory,DCTI-KEV-086-CVE-2013-0422,2,8,4,4,1
qwen2.5:7b,iterative_no_memory,DCTI-KEV-087-CVE-2013-0431,0,8,2,2,1
qwen2.5:7b,iterative_no_memory,DCTI-KEV-087-CVE-2013-0431,1,8,3,3,1
qwen2.5:7b,iterative_no_memory,DCTI-KEV-087-CVE-2013-0431,2,8,4,4,1
qwen2.5:7b,iterative_no_memory,DCTI-KEV-088-CVE-2013-0625,0,8,2,2,1
qwen2.5:7b,iterative_no_memory,DCTI-KEV-088-CVE-2013-0625,1,8,3,3,1
qwen2.5:7b,iterative_no_memory,DCTI-KEV-088-CVE-2013-0625,2,8,4,4,1
qwen2.5:7b,iterative_no_memory,DCTI-KEV-089-CVE-2013-0629,0,8,2,2,1
qwen2.5:7b,iterative_no_memory,DCTI-KEV-089-CVE-2013-0629,1,8,3,3,1
qwen2.5:7b,iterative_no_memory,DCTI-KEV-089-CVE-2013-0629,2,8,4,4,1
qwen2.5:7b,iterative_no_memory,DCTI-KEV-090-CVE-2013-0631,0,8,2,2,1
qwen2.5:7b,iterative_no_memory,DCTI-KEV-090-CVE-2013-0631,1,8,3,3,1
qwen2.5:7b,iterative_no_memory,DCTI-KEV-090-CVE-2013-0631,2,8,4,4,1
qwen2.5:7b,iterative_no_memory,DCTI-KEV-091-CVE-2013-0632,0,8,2,2,1
qwen2.5:7b,iterative_no_memory,DCTI-KEV-091-CVE-2013-0632,1,8,3,3,1
qwen2.5:7b,iterative_no_memory,DCTI-KEV-091-CVE-2013-0632,2,8,4,4,1
qwen2.5:7b,iterative_no_memory,DCTI-KEV-092-CVE-2013-0640,0,8,2,2,1
qwen2.5:7b,iterative_no_memory,DCTI-KEV-092-CVE-2013-0640,1,8,3,3,1
qwen2.5:7b,iterative_no_memory,DCTI-KEV-092-CVE-2013-0640,2,8,4,4,1
qwen2.5:7b,iterative_no_memory,DCTI-KEV-093-CVE-2013-0641,0,8,2,2,1
qwen2.5:7b,iterative_no_memory,DCTI-KEV-093-CVE-2013-0641,1,8,3,3,1
qwen2.5:7b,iterative_no_memory,DCTI-KEV-093-CVE-2013-0641,2,8,4,4,1
qwen2.5:7b,iterative_no_memory,DCTI-KEV-094-CVE-2013-0643,0,8,2,2,1
qwen2.5:7b,iterative_no_memory,DCTI-KEV-094-CVE-2013-0643,1,8,3,3,1
qwen2.5:7b,iterative_no_memory,DCTI-KEV-094-CVE-2013-0643,2,8,4,4,1
qwen2.5:7b,iterative_no_memory,DCTI-KEV-095-CVE-2013-0648,0,8,2,2,1
qwen2.5:7b,iterative_no_memory,DCTI-KEV-095-CVE-2013-0648,1,8,3,3,1
qwen2.5:7b,iterative_no_memory,DCTI-KEV-095-CVE-2013-0648,2,8,4,4,1
qwen2.5:7b,iterative_no_memory,DCTI-KEV-096-CVE-2013-1331,0,8,2,2,1
qwen2.5:7b,iterative_no_memory,DCTI-KEV-096-CVE-2013-1331,1,8,3,3,1
qwen2.5:7b,iterative_no_memory,DCTI-KEV-096-CVE-2013-1331,2,8,4,4,1
qwen2.5:7b,iterative_no_memory,DCTI-KEV-097-CVE-2013-1347,0,8,2,2,1
qwen2.5:7b,iterative_no_memory,DCTI-KEV-097-CVE-2013-1347,1,8,3,3,1
qwen2.5:7b,iterative_no_memory,DCTI-KEV-097-CVE-2013-1347,2,8,4,4,1
qwen2.5:7b,iterative_no_memory,DCTI-KEV-098-CVE-2013-1675,0,8,2,2,1
qwen2.5:7b,iterative_no_memory,DCTI-KEV-098-CVE-2013-1675,1,8,3,3,1
qwen2.5:7b,iterative_no_memory,DCTI-KEV-098-CVE-2013-1675,2,8,4,4,1
qwen2.5:7b,iterative_no_memory,DCTI-KEV-099-CVE-2013-1690,0,8,2,2,1
qwen2.5:7b,iterative_no_memory,DCTI-KEV-099-CVE-2013-1690,1,8,3,3,1
qwen2.5:7b,iterative_no_memory,DCTI-KEV-099-CVE-2013-1690,2,8,4,4,1
qwen2.5:7b,iterative_no_memory,DCTI-KEV-100-CVE-2013-2094,0,8,2,2,1
qwen2.5:7b,iterative_no_memory,DCTI-KEV-100-CVE-2013-2094,1,8,3,3,1
qwen2.5:7b,iterative_no_memory,DCTI-KEV-100-CVE-2013-2094,2,8,4,4,1
qwen2.5:7b,rag_once,DCTI-KEV-001-CVE-2002-0367,2,8,4,4,1
qwen2.5:7b,rag_once,DCTI-KEV-002-CVE-2004-0210,2,8,4,4,1
qwen2.5:7b,rag_once,DCTI-KEV-003-CVE-2004-1464,2,8,4,4,1
qwen2.5:7b,rag_once,DCTI-KEV-004-CVE-2005-2773,2,8,4,4,1
qwen2.5:7b,rag_once,DCTI-KEV-005-CVE-2006-1547,2,8,4,4,1
qwen2.5:7b,rag_once,DCTI-KEV-006-CVE-2006-2492,2,8,4,4,1
qwen2.5:7b,rag_once,DCTI-KEV-007-CVE-2007-0671,2,8,4,4,1
qwen2.5:7b,rag_once,DCTI-KEV-008-CVE-2007-3010,2,8,4,4,1
qwen2.5:7b,rag_once,DCTI-KEV-009-CVE-2007-5659,2,8,4,4,1
qwen2.5:7b,rag_once,DCTI-KEV-010-CVE-2008-0015,2,8,4,4,1
qwen2.5:7b,rag_once,DCTI-KEV-011-CVE-2008-0655,2,8,4,4,1
qwen2.5:7b,rag_once,DCTI-KEV-012-CVE-2008-2992,2,8,4,4,1
qwen2.5:7b,rag_once,DCTI-KEV-013-CVE-2008-3431,2,8,4,4,1
qwen2.5:7b,rag_once,DCTI-KEV-014-CVE-2008-4128,2,8,4,4,1
qwen2.5:7b,rag_once,DCTI-KEV-015-CVE-2008-4250,2,8,4,4,1
qwen2.5:7b,rag_once,DCTI-KEV-016-CVE-2009-0238,2,8,4,4,1
qwen2.5:7b,rag_once,DCTI-KEV-017-CVE-2009-0556,2,8,4,4,1
qwen2.5:7b,rag_once,DCTI-KEV-018-CVE-2009-0557,2,8,4,4,1
qwen2.5:7b,rag_once,DCTI-KEV-019-CVE-2009-0563,2,8,4,4,1
qwen2.5:7b,rag_once,DCTI-KEV-020-CVE-2009-0927,2,8,4,4,1
qwen2.5:7b,rag_once,DCTI-KEV-021-CVE-2009-1123,2,8,4,4,1
qwen2.5:7b,rag_once,DCTI-KEV-022-CVE-2009-1151,2,8,4,4,1
qwen2.5:7b,rag_once,DCTI-KEV-023-CVE-2009-1537,2,8,4,4,1
qwen2.5:7b,rag_once,DCTI-KEV-024-CVE-2009-1862,2,8,4,4,1
qwen2.5:7b,rag_once,DCTI-KEV-025-CVE-2009-2055,2,8,4,4,1
qwen2.5:7b,rag_once,DCTI-KEV-026-CVE-2009-3129,2,8,4,4,1
qwen2.5:7b,rag_once,DCTI-KEV-027-CVE-2009-3459,2,8,4,4,1
qwen2.5:7b,rag_once,DCTI-KEV-028-CVE-2009-3953,2,8,4,4,1
qwen2.5:7b,rag_once,DCTI-KEV-029-CVE-2009-3960,2,8,4,4,1
qwen2.5:7b,rag_once,DCTI-KEV-030-CVE-2009-4324,2,8,4,4,1
qwen2.5:7b,rag_once,DCTI-KEV-031-CVE-2010-0188,2,8,4,4,1
qwen2.5:7b,rag_once,DCTI-KEV-032-CVE-2010-0232,2,8,4,4,1
qwen2.5:7b,rag_once,DCTI-KEV-033-CVE-2010-0249,2,8,4,4,1
qwen2.5:7b,rag_once,DCTI-KEV-034-CVE-2010-0738,2,8,4,4,1
qwen2.5:7b,rag_once,DCTI-KEV-035-CVE-2010-0806,2,8,4,4,1
qwen2.5:7b,rag_once,DCTI-KEV-036-CVE-2010-0840,2,8,4,4,1
qwen2.5:7b,rag_once,DCTI-KEV-037-CVE-2010-1297,2,8,4,4,1
qwen2.5:7b,rag_once,DCTI-KEV-038-CVE-2010-1428,2,8,4,4,1
qwen2.5:7b,rag_once,DCTI-KEV-039-CVE-2010-1871,2,8,4,4,1
qwen2.5:7b,rag_once,DCTI-KEV-040-CVE-2010-2568,2,8,4,4,1
qwen2.5:7b,rag_once,DCTI-KEV-041-CVE-2010-2572,2,8,4,4,1
qwen2.5:7b,rag_once,DCTI-KEV-042-CVE-2010-2861,2,8,4,4,1
qwen2.5:7b,rag_once,DCTI-KEV-043-CVE-2010-2883,2,8,4,4,1
qwen2.5:7b,rag_once,DCTI-KEV-044-CVE-2010-3035,2,8,4,4,1
qwen2.5:7b,rag_once,DCTI-KEV-045-CVE-2010-3333,2,8,4,4,1
qwen2.5:7b,rag_once,DCTI-KEV-046-CVE-2010-3765,2,8,4,4,1
qwen2.5:7b,rag_once,DCTI-KEV-047-CVE-2010-3904,2,8,4,4,1
qwen2.5:7b,rag_once,DCTI-KEV-048-CVE-2010-3962,2,8,4,4,1
qwen2.5:7b,rag_once,DCTI-KEV-049-CVE-2010-4344,2,8,4,4,1
qwen2.5:7b,rag_once,DCTI-KEV-050-CVE-2010-4345,2,8,4,4,1
qwen2.5:7b,rag_once,DCTI-KEV-051-CVE-2010-4398,2,8,4,4,1
qwen2.5:7b,rag_once,DCTI-KEV-052-CVE-2010-5326,2,8,4,4,1
qwen2.5:7b,rag_once,DCTI-KEV-053-CVE-2010-5330,2,8,4,4,1
qwen2.5:7b,rag_once,DCTI-KEV-054-CVE-2011-0609,2,8,4,4,1
qwen2.5:7b,rag_once,DCTI-KEV-055-CVE-2011-0611,2,8,4,4,1
qwen2.5:7b,rag_once,DCTI-KEV-056-CVE-2011-1823,2,8,4,4,1
qwen2.5:7b,rag_once,DCTI-KEV-057-CVE-2011-1889,2,8,4,4,1
qwen2.5:7b,rag_once,DCTI-KEV-058-CVE-2011-2005,2,8,4,4,1
qwen2.5:7b,rag_once,DCTI-KEV-059-CVE-2011-2462,2,8,4,4,1
qwen2.5:7b,rag_once,DCTI-KEV-060-CVE-2011-3402,2,8,4,4,1
qwen2.5:7b,rag_once,DCTI-KEV-061-CVE-2011-3544,2,8,4,4,1
qwen2.5:7b,rag_once,DCTI-KEV-062-CVE-2011-4723,2,8,4,4,1
qwen2.5:7b,rag_once,DCTI-KEV-063-CVE-2012-0151,2,8,4,4,1
qwen2.5:7b,rag_once,DCTI-KEV-064-CVE-2012-0158,2,8,4,4,1
qwen2.5:7b,rag_once,DCTI-KEV-065-CVE-2012-0391,2,8,4,4,1
qwen2.5:7b,rag_once,DCTI-KEV-066-CVE-2012-0507,2,8,4,4,1
qwen2.5:7b,rag_once,DCTI-KEV-067-CVE-2012-0518,2,8,4,4,1
qwen2.5:7b,rag_once,DCTI-KEV-068-CVE-2012-0754,2,8,4,4,1
qwen2.5:7b,rag_once,DCTI-KEV-069-CVE-2012-0767,2,8,4,4,1
qwen2.5:7b,rag_once,DCTI-KEV-070-CVE-2012-1535,2,8,4,4,1
qwen2.5:7b,rag_once,DCTI-KEV-071-CVE-2012-1710,2,8,4,4,1
qwen2.5:7b,rag_once,DCTI-KEV-072-CVE-2012-1723,2,8,4,4,1
qwen2.5:7b,rag_once,DCTI-KEV-073-CVE-2012-1823,2,8,4,4,1
qwen2.5:7b,rag_once,DCTI-KEV-074-CVE-2012-1854,2,8,4,4,1
qwen2.5:7b,rag_once,DCTI-KEV-075-CVE-2012-1856,2,8,4,4,1
qwen2.5:7b,rag_once,DCTI-KEV-076-CVE-2012-1889,2,8,4,4,1
qwen2.5:7b,rag_once,DCTI-KEV-077-CVE-2012-2034,2,8,4,4,1
qwen2.5:7b,rag_once,DCTI-KEV-078-CVE-2012-2539,2,8,4,4,1
qwen2.5:7b,rag_once,DCTI-KEV-079-CVE-2012-3152,2,8,4,4,1
qwen2.5:7b,rag_once,DCTI-KEV-080-CVE-2012-4681,2,8,4,4,1
qwen2.5:7b,rag_once,DCTI-KEV-081-CVE-2012-4792,2,8,4,4,1
qwen2.5:7b,rag_once,DCTI-KEV-082-CVE-2012-4969,2,8,4,4,1
qwen2.5:7b,rag_once,DCTI-KEV-083-CVE-2012-5054,2,8,4,4,1
qwen2.5:7b,rag_once,DCTI-KEV-084-CVE-2012-5076,2,8,4,4,1
qwen2.5:7b,rag_once,DCTI-KEV-085-CVE-2013-0074,2,8,4,4,1
qwen2.5:7b,rag_once,DCTI-KEV-086-CVE-2013-0422,2,8,4,4,1
qwen2.5:7b,rag_once,DCTI-KEV-087-CVE-2013-0431,2,8,4,4,1
qwen2.5:7b,rag_once,DCTI-KEV-088-CVE-2013-0625,2,8,4,4,1
qwen2.5:7b,rag_once,DCTI-KEV-089-CVE-2013-0629,2,8,4,4,1
qwen2.5:7b,rag_once,DCTI-KEV-090-CVE-2013-0631,2,8,4,4,1
qwen2.5:7b,rag_once,DCTI-KEV-091-CVE-2013-0632,2,8,4,4,1
qwen2.5:7b,rag_once,DCTI-KEV-092-CVE-2013-0640,2,8,4,4,1
qwen2.5:7b,rag_once,DCTI-KEV-093-CVE-2013-0641,2,8,4,4,1
qwen2.5:7b,rag_once,DCTI-KEV-094-CVE-2013-0643,2,8,4,4,1
qwen2.5:7b,rag_once,DCTI-KEV-095-CVE-2013-0648,2,8,4,4,1
qwen2.5:7b,rag_once,DCTI-KEV-096-CVE-2013-1331,2,8,4,4,1
qwen2.5:7b,rag_once,DCTI-KEV-097-CVE-2013-1347,2,8,4,4,1
qwen2.5:7b,rag_once,DCTI-KEV-098-CVE-2013-1675,2,8,4,4,1
qwen2.5:7b,rag_once,DCTI-KEV-099-CVE-2013-1690,2,8,4,4,1
qwen2.5:7b,rag_once,DCTI-KEV-100-CVE-2013-2094,2,8,4,4,1
