run,mode,n_cases,templates,icc1,design_effect,n_eff,mean_within_template_sd,mean,case_ci_low,case_ci_high,template_ci_low,template_ci_high,template_boot_distinct_means,template_boot_possible_multisets
mode_comparison(mean of 3 models),adaptive_memory,100,4,0.9859927236868646,24.66382536848475,4.0545210852724916,0.011187101167500761,0.907,0.8830000000000001,0.9303333333333333,0.7706666666666665,0.9913333333333334,35,35
mode_comparison(mean of 3 models),evidence_equal_one_shot,100,4,0.8597557008555348,21.634136820532834,4.622324469404787,0.05572752590987184,0.8046666666666669,0.7742222222222221,0.8345555555555556,0.6673333333333333,0.942,35,35
mode_comparison(mean of 3 models),rag_once,100,4,0.8249194493984568,20.798066785562966,4.808139190581659,0.0540220262292344,0.8077777777777778,0.7831111111111113,0.8322222222222223,0.6962222222222223,0.9193333333333332,35,35
mode_comparison(mean of 3 models),iterative_no_memory,100,4,0.8317164954032368,20.961195889677683,4.7707201691314225,0.0559681381822691,0.8028888888888889,0.7764444444444446,0.8288888888888889,0.6851111111111111,0.9206666666666667,35,35
mode_comparison(mean of 3 models),initial_one_shot,100,4,0.9551442858202485,23.923462859685962,4.179996875306566,0.04899462184483875,0.6051111111111112,0.5632222222222222,0.6444472222222222,0.384,0.7526666666666667,35,35
deepcti_candidate_100_2026:llama3.1:8b,adaptive_memory,100,4,0.9362430778198777,23.469833867677064,4.260788574976715,0.02362552472245686,0.8860000000000001,0.8629750000000004,0.9090000000000003,0.7619999999999998,0.974,25,35
deepcti_candidate_100_2026:mistral:latest,adaptive_memory,100,4,0.9421296296296297,23.61111111111111,4.235294117647059,0.017320508075688797,0.9100000000000001,0.8840000000000002,0.935,0.7749999999999998,1.0,15,35
deepcti_candidate_100_2026:qwen2.5:7b,adaptive_memory,100,4,1.0,25.0,4.0,2.7755575615628914e-17,0.925,0.8980000000000001,0.9490000000000001,0.7749999999999998,1.0,5,35
deepcti_expanded_models_100_2026:gemma3:12b,adaptive_memory,100,4,1.0,25.0,4.0,2.7755575615628914e-17,0.925,0.898,0.9490000000000001,0.7749999999999998,1.0,5,35
deepcti_expanded_models_100_2026:phi4:14b,adaptive_memory,100,4,1.0,25.0,4.0,2.7755575615628914e-17,0.925,0.8980000000000001,0.9490000000000001,0.7749999999999998,1.0,5,35
deepcti_expanded_models_100_2026:qwen3:8b,adaptive_memory,100,4,0.991405082212257,24.79372197309417,4.033279073973594,0.006782329983125294,0.9229999999999999,0.897,0.9470000000000002,0.7749999999999998,1.0,15,35
controller_only,controller_only,100,4,1.0,25.0,4.0,2.7755575615628914e-17,0.925,0.8980000000000001,0.9490000000000001,0.7749999999999998,1.0,5,35
